split,seed,arm,train_detector,eval_detector,partition,relation,mpjpe_mm,pa_mpjpe_mm,samples,best_epoch,epochs_completed
split_a,123,bounded_reliability_dual_modulation,rtmpose_performance,rtmpose_performance,val,matched,119.87497507477568,79.53408602318046,20060,40,48
split_a,123,bounded_reliability_dual_modulation,rtmpose_performance,rtmpose_performance,test,matched,129.5560119622699,85.31506113025017,19666,40,48
split_a,123,bounded_reliability_dual_modulation,rtmpose_performance,yolo11l_pose,val,cross,161.52367428963112,106.7126409833001,20060,40,48
split_a,123,bounded_reliability_dual_modulation,rtmpose_performance,yolo11l_pose,test,cross,168.06624853808603,112.91713569739652,19666,40,48
split_a,123,bounded_reliability_dual_modulation,yolo11l_pose,rtmpose_performance,val,cross,179.53294647308076,119.34755966475574,20060,20,28
split_a,123,bounded_reliability_dual_modulation,yolo11l_pose,rtmpose_performance,test,cross,185.44386488736907,123.11217885563917,19666,20,28
split_a,123,bounded_reliability_dual_modulation,yolo11l_pose,yolo11l_pose,val,matched,133.62617693793618,90.31819852941176,20060,20,28
split_a,123,bounded_reliability_dual_modulation,yolo11l_pose,yolo11l_pose,test,matched,140.3985670065087,95.26438714024204,19666,20,28
split_a,123,detector_aware_observed,rtmpose_performance,rtmpose_performance,val,matched,124.9525571722333,82.29124890952144,20060,45,50
split_a,123,detector_aware_observed,rtmpose_performance,rtmpose_performance,test,matched,131.31279556086648,87.56709390572561,19666,45,50
split_a,123,detector_aware_observed,rtmpose_performance,yolo11l_pose,val,cross,139.22656717347957,91.06597005857428,20060,45,50
split_a,123,detector_aware_observed,rtmpose_performance,yolo11l_pose,test,cross,145.01695661293604,96.18086299005898,19666,45,50
split_a,123,detector_aware_observed,yolo11l_pose,rtmpose_performance,val,cross,139.38044460368894,89.43951193295115,20060,23,31
split_a,123,detector_aware_observed,yolo11l_pose,rtmpose_performance,test,cross,146.80905258440964,96.89845696570222,19666,23,31
split_a,123,detector_aware_observed,yolo11l_pose,yolo11l_pose,val,matched,137.71894005483549,91.70033571161515,20060,23,31
split_a,123,detector_aware_observed,yolo11l_pose,yolo11l_pose,test,matched,144.4800416963287,97.33851650691548,19666,23,31
split_a,123,detector_conditioned_virtual_view_no_confidence,rtmpose_performance,rtmpose_performance,val,matched,123.57852536141576,81.16833639705882,20060,45,50
split_a,123,detector_conditioned_virtual_view_no_confidence,rtmpose_performance,rtmpose_performance,test,matched,129.77579960337638,86.24109106452761,19666,45,50
split_a,123,detector_conditioned_virtual_view_no_confidence,rtmpose_performance,yolo11l_pose,val,cross,138.40146903040878,90.1313029661017,20060,45,50
split_a,123,detector_conditioned_virtual_view_no_confidence,rtmpose_performance,yolo11l_pose,test,cross,143.4409561552934,94.15529737236855,19666,45,50
split_a,123,detector_conditioned_virtual_view_no_confidence,yolo11l_pose,rtmpose_performance,val,cross,136.1884004237288,87.37369064680958,20060,33,41
split_a,123,detector_conditioned_virtual_view_no_confidence,yolo11l_pose,rtmpose_performance,test,cross,144.2113641564121,94.85608688536053,19666,33,41
split_a,123,detector_conditioned_virtual_view_no_confidence,yolo11l_pose,yolo11l_pose,val,matched,134.86553308823528,88.88784427966101,20060,33,41
split_a,123,detector_conditioned_virtual_view_no_confidence,yolo11l_pose,yolo11l_pose,test,matched,142.05790132716362,94.44982377580595,19666,33,41
split_a,2026,bounded_reliability_dual_modulation,rtmpose_performance,rtmpose_performance,val,matched,120.24308870264207,79.11050598205384,20060,38,46
split_a,2026,bounded_reliability_dual_modulation,rtmpose_performance,rtmpose_performance,test,matched,127.47842802933998,85.6791774191498,19666,38,46
split_a,2026,bounded_reliability_dual_modulation,rtmpose_performance,yolo11l_pose,val,cross,158.0881340353938,102.83208966849452,20060,38,46
split_a,2026,bounded_reliability_dual_modulation,rtmpose_performance,yolo11l_pose,test,cross,164.30642987897895,110.60077910480017,19666,38,46
split_a,2026,bounded_reliability_dual_modulation,yolo11l_pose,rtmpose_performance,val,cross,173.71416999002992,114.70355651794617,20060,26,34
split_a,2026,bounded_reliability_dual_modulation,yolo11l_pose,rtmpose_performance,test,cross,178.57317991711582,120.17322965397132,19666,26,34
split_a,2026,bounded_reliability_dual_modulation,yolo11l_pose,yolo11l_pose,val,matched,132.52613643444667,88.72987288135593,20060,26,34
split_a,2026,bounded_reliability_dual_modulation,yolo11l_pose,yolo11l_pose,test,matched,138.02234185904607,93.53457625152548,19666,26,34
split_a,2026,detector_aware_observed,rtmpose_performance,rtmpose_performance,val,matched,123.93565709122632,81.88674756979063,20060,48,50
split_a,2026,detector_aware_observed,rtmpose_performance,rtmpose_performance,test,matched,131.96643159513883,88.29667279505237,19666,48,50
split_a,2026,detector_aware_observed,rtmpose_performance,yolo11l_pose,val,cross,138.51440366400797,90.91062593469591,20060,48,50
split_a,2026,detector_aware_observed,rtmpose_performance,yolo11l_pose,test,cross,143.3767606529035,95.51548595926981,19666,48,50
split_a,2026,detector_aware_observed,yolo11l_pose,rtmpose_performance,val,cross,138.8225292871386,89.36554087736789,20060,31,39
split_a,2026,detector_aware_observed,yolo11l_pose,rtmpose_performance,test,cross,148.2128046183769,96.26482650894945,19666,31,39
split_a,2026,detector_aware_observed,yolo11l_pose,yolo11l_pose,val,matched,137.0758716039382,91.00372086864407,20060,31,39
split_a,2026,detector_aware_observed,yolo11l_pose,yolo11l_pose,test,matched,144.222585140598,96.0580332172277,19666,31,39
split_a,2026,detector_conditioned_virtual_view_no_confidence,rtmpose_performance,rtmpose_performance,val,matched,124.3125,81.33129050348953,20060,25,33
split_a,2026,detector_conditioned_virtual_view_no_confidence,rtmpose_performance,rtmpose_performance,test,matched,130.5337908700295,87.84709333367233,19666,25,33
split_a,2026,detector_conditioned_virtual_view_no_confidence,rtmpose_performance,yolo11l_pose,val,cross,138.0903336864407,90.47659833000996,20060,25,33
split_a,2026,detector_conditioned_virtual_view_no_confidence,rtmpose_performance,yolo11l_pose,test,cross,142.67923382996034,95.55001096435473,19666,25,33
split_a,2026,detector_conditioned_virtual_view_no_confidence,yolo11l_pose,rtmpose_performance,val,cross,136.75548354935194,88.62604685942173,20060,25,33
split_a,2026,detector_conditioned_virtual_view_no_confidence,yolo11l_pose,rtmpose_performance,test,cross,144.65173475160174,95.85732395060002,19666,25,33
split_a,2026,detector_conditioned_virtual_view_no_confidence,yolo11l_pose,yolo11l_pose,val,matched,135.03269410518445,89.9873512275673,20060,25,33
split_a,2026,detector_conditioned_virtual_view_no_confidence,yolo11l_pose,yolo11l_pose,test,matched,143.61733289687785,96.14177864080138,19666,25,33
split_a,42,bounded_reliability_dual_modulation,rtmpose_performance,rtmpose_performance,val,matched,120.99767961739781,79.22997491899302,20060,39,47
split_a,42,bounded_reliability_dual_modulation,rtmpose_performance,rtmpose_performance,test,matched,127.5187291836164,85.04773705252721,19666,39,47
split_a,42,bounded_reliability_dual_modulation,rtmpose_performance,yolo11l_pose,val,cross,158.1181938559322,104.12473283275175,20060,39,47
split_a,42,bounded_reliability_dual_modulation,rtmpose_performance,yolo11l_pose,test,cross,163.03041972821111,111.03928734872369,19666,39,47
split_a,42,bounded_reliability_dual_modulation,yolo11l_pose,rtmpose_performance,val,cross,172.8073404785643,114.58879922731805,20060,40,48
split_a,42,bounded_reliability_dual_modulation,yolo11l_pose,rtmpose_performance,test,cross,180.40547057739246,121.40753235279162,19666,40,48
split_a,42,bounded_reliability_dual_modulation,yolo11l_pose,yolo11l_pose,val,matched,131.5456217285643,88.09602754237288,20060,40,48
split_a,42,bounded_reliability_dual_modulation,yolo11l_pose,yolo11l_pose,test,matched,137.05341627046678,93.60858564591173,19666,40,48
split_a,42,detector_aware_observed,rtmpose_performance,rtmpose_performance,val,matched,125.67615045488535,81.34921641326022,20060,48,50
split_a,42,detector_aware_observed,rtmpose_performance,rtmpose_performance,test,matched,132.50015095850708,87.71860063052985,19666,48,50
split_a,42,detector_aware_observed,rtmpose_performance,yolo11l_pose,val,cross,137.86907247008972,90.71270329636091,20060,48,50
split_a,42,detector_aware_observed,rtmpose_performance,yolo11l_pose,test,cross,144.68575126487337,96.1799179103529,19666,48,50
split_a,42,detector_aware_observed,yolo11l_pose,rtmpose_performance,val,cross,137.68627165378862,87.79146934197408,20060,36,44
split_a,42,detector_aware_observed,yolo11l_pose,rtmpose_performance,test,cross,146.25046558781654,95.37610398339774,19666,36,44
split_a,42,detector_aware_observed,yolo11l_pose,yolo11l_pose,val,matched,136.58050146435693,90.18375576395813,20060,36,44
split_a,42,detector_aware_observed,yolo11l_pose,yolo11l_pose,test,matched,142.90084012381774,95.55584431887522,19666,36,44
split_a,42,detector_conditioned_virtual_view_no_confidence,rtmpose_performance,rtmpose_performance,val,matched,123.35980106555334,81.838071722333,20060,42,50
split_a,42,detector_conditioned_virtual_view_no_confidence,rtmpose_performance,rtmpose_performance,test,matched,129.97286004398455,87.5965991431913,19666,42,50
split_a,42,detector_conditioned_virtual_view_no_confidence,rtmpose_performance,yolo11l_pose,val,cross,137.68253754361913,90.74040924102692,20060,42,50
split_a,42,detector_conditioned_virtual_view_no_confidence,rtmpose_performance,yolo11l_pose,test,cross,142.62989661725823,95.63104588820808,19666,42,50
split_a,42,detector_conditioned_virtual_view_no_confidence,yolo11l_pose,rtmpose_performance,val,cross,137.8470315615653,87.89353579885343,20060,36,44
split_a,42,detector_conditioned_virtual_view_no_confidence,yolo11l_pose,rtmpose_performance,test,cross,146.15697142276008,95.45031955532392,19666,36,44
split_a,42,detector_conditioned_virtual_view_no_confidence,yolo11l_pose,yolo11l_pose,val,matched,135.4272183449651,90.00870591350947,20060,36,44
split_a,42,detector_conditioned_virtual_view_no_confidence,yolo11l_pose,yolo11l_pose,test,matched,143.1939880377301,95.6586915552222,19666,36,44
split_b,123,bounded_reliability_dual_modulation,rtmpose_performance,rtmpose_performance,val,matched,127.02372034857113,83.5286121987186,19666,45,50
split_b,123,bounded_reliability_dual_modulation,rtmpose_performance,rtmpose_performance,test,matched,109.45734687849375,75.26681684495375,19678,45,50
split_b,123,bounded_reliability_dual_modulation,rtmpose_performance,yolo11l_pose,val,cross,161.56906748957593,108.79260525780535,19666,45,50
split_b,123,bounded_reliability_dual_modulation,rtmpose_performance,yolo11l_pose,test,cross,148.49808479012094,100.38839852881391,19678,45,50
split_b,123,bounded_reliability_dual_modulation,yolo11l_pose,rtmpose_performance,val,cross,176.77827293933692,117.66564279721347,19666,24,32
split_b,123,bounded_reliability_dual_modulation,yolo11l_pose,rtmpose_performance,test,cross,157.14184940034556,106.8103715920063,19678,24,32
split_b,123,bounded_reliability_dual_modulation,yolo11l_pose,yolo11l_pose,val,matched,138.78558489270821,93.3309360063053,19666,24,32
split_b,123,bounded_reliability_dual_modulation,yolo11l_pose,yolo11l_pose,test,matched,125.56746112409797,84.03353840583392,19678,24,32
split_b,123,detector_aware_observed,rtmpose_performance,rtmpose_performance,val,matched,130.36974187684328,85.66693349244889,19666,41,49
split_b,123,detector_aware_observed,rtmpose_performance,rtmpose_performance,test,matched,111.73440358522207,76.47505780567131,19678,41,49
split_b,123,detector_aware_observed,rtmpose_performance,yolo11l_pose,val,cross,143.64289732279062,94.79608842672633,19666,41,49
split_b,123,detector_aware_observed,rtmpose_performance,yolo11l_pose,test,cross,126.75786490624047,85.56810111545889,19678,41,49
split_b,123,detector_aware_observed,yolo11l_pose,rtmpose_performance,val,cross,144.86589799654226,93.32716601622089,19666,47,50
split_b,123,detector_aware_observed,yolo11l_pose,rtmpose_performance,test,cross,121.5953777695904,81.80703942854964,19678,47,50
split_b,123,detector_aware_observed,yolo11l_pose,yolo11l_pose,val,matched,141.44771194574392,93.95062782848571,19666,47,50
split_b,123,detector_aware_observed,yolo11l_pose,yolo11l_pose,test,matched,122.45681963995325,83.45841961835552,19678,47,50
split_b,123,detector_conditioned_virtual_view_no_confidence,rtmpose_performance,rtmpose_performance,val,matched,130.27487319485405,85.20183788009763,19666,32,40
split_b,123,detector_conditioned_virtual_view_no_confidence,rtmpose_performance,rtmpose_performance,test,matched,112.0186875889318,75.69183979253481,19678,32,40
split_b,123,detector_conditioned_virtual_view_no_confidence,rtmpose_performance,yolo11l_pose,val,cross,143.0931620563409,93.92777747762636,19666,32,40
split_b,123,detector_conditioned_virtual_view_no_confidence,rtmpose_performance,yolo11l_pose,test,cross,126.76882178066877,84.53397036030084,19678,32,40
split_b,123,detector_conditioned_virtual_view_no_confidence,yolo11l_pose,rtmpose_performance,val,cross,148.12006524585578,94.06186478249262,19666,40,48
split_b,123,detector_conditioned_virtual_view_no_confidence,yolo11l_pose,rtmpose_performance,test,cross,124.49285369448114,81.94778353364163,19678,40,48
split_b,123,detector_conditioned_virtual_view_no_confidence,yolo11l_pose,yolo11l_pose,val,matched,142.7533512788569,93.10363937124987,19666,40,48
split_b,123,detector_conditioned_virtual_view_no_confidence,yolo11l_pose,yolo11l_pose,test,matched,124.55804467552596,83.64810956398009,19678,40,48
split_b,2026,bounded_reliability_dual_modulation,rtmpose_performance,rtmpose_performance,val,matched,128.97376976761925,84.52204312010576,19666,37,45
split_b,2026,bounded_reliability_dual_modulation,rtmpose_performance,rtmpose_performance,test,matched,110.52017640258157,75.10476523592337,19678,37,45
split_b,2026,bounded_reliability_dual_modulation,rtmpose_performance,yolo11l_pose,val,cross,166.7501048764365,111.17583885258823,19666,37,45
split_b,2026,bounded_reliability_dual_modulation,rtmpose_performance,yolo11l_pose,test,cross,152.66982004014636,101.65558380551886,19678,37,45
split_b,2026,bounded_reliability_dual_modulation,yolo11l_pose,rtmpose_performance,val,cross,179.32112608690124,118.4994899191498,19666,49,50
split_b,2026,bounded_reliability_dual_modulation,yolo11l_pose,rtmpose_performance,test,cross,161.2145749695091,106.85157838067893,19678,49,50
split_b,2026,bounded_reliability_dual_modulation,yolo11l_pose,yolo11l_pose,val,matched,136.15264288619954,91.43425955646802,19666,49,50
split_b,2026,bounded_reliability_dual_modulation,yolo11l_pose,yolo11l_pose,test,matched,122.26160321806078,81.3593809552546,19678,49,50
split_b,2026,detector_aware_observed,rtmpose_performance,rtmpose_performance,val,matched,130.69447269398964,86.37869411357164,19666,45,50
split_b,2026,detector_aware_observed,rtmpose_performance,rtmpose_performance,test,matched,110.66729024799268,75.99017144780974,19678,45,50
split_b,2026,detector_aware_observed,rtmpose_performance,yolo11l_pose,val,cross,143.65638030102716,94.76385957998576,19666,45,50
split_b,2026,detector_aware_observed,rtmpose_performance,yolo11l_pose,test,cross,125.46205867593251,84.28876711937188,19678,45,50
split_b,2026,detector_aware_observed,yolo11l_pose,rtmpose_performance,val,cross,144.57106490897996,94.17814295611716,19666,33,41
split_b,2026,detector_aware_observed,yolo11l_pose,rtmpose_performance,test,cross,122.75607435969103,82.42474106553003,19678,33,41
split_b,2026,detector_aware_observed,yolo11l_pose,yolo11l_pose,val,matched,141.58766716668362,94.50664853045866,19666,33,41
split_b,2026,detector_aware_observed,yolo11l_pose,yolo11l_pose,test,matched,123.41833519666633,84.0925974597266,19678,33,41
split_b,2026,detector_conditioned_virtual_view_no_confidence,rtmpose_performance,rtmpose_performance,val,matched,132.15262302323808,86.41398543170955,19666,29,37
split_b,2026,detector_conditioned_virtual_view_no_confidence,rtmpose_performance,rtmpose_performance,test,matched,112.76422829428803,76.69309079301759,19678,29,37
split_b,2026,detector_conditioned_virtual_view_no_confidence,rtmpose_performance,yolo11l_pose,val,cross,144.52739340740365,95.09794823553341,19666,29,37
split_b,2026,detector_conditioned_virtual_view_no_confidence,rtmpose_performance,yolo11l_pose,test,cross,127.30285248754954,85.64064088067893,19678,29,37
split_b,2026,detector_conditioned_virtual_view_no_confidence,yolo11l_pose,rtmpose_performance,val,cross,147.12783643089597,93.67471778704363,19666,34,42
split_b,2026,detector_conditioned_virtual_view_no_confidence,yolo11l_pose,rtmpose_performance,test,cross,125.41887752185181,83.15305877756886,19678,34,42
split_b,2026,detector_conditioned_virtual_view_no_confidence,yolo11l_pose,yolo11l_pose,val,matched,142.58464799654226,93.10428173942337,19666,34,42
split_b,2026,detector_conditioned_virtual_view_no_confidence,yolo11l_pose,yolo11l_pose,test,matched,124.96503471516414,84.14958686413762,19678,34,42
split_b,42,bounded_reliability_dual_modulation,rtmpose_performance,rtmpose_performance,val,matched,127.58731837308045,84.12110447599919,19666,39,47
split_b,42,bounded_reliability_dual_modulation,rtmpose_performance,rtmpose_performance,test,matched,110.79431503455636,75.13802056865535,19678,39,47
split_b,42,bounded_reliability_dual_modulation,rtmpose_performance,yolo11l_pose,val,cross,164.0501905255263,110.35557005110343,19666,39,47
split_b,42,bounded_reliability_dual_modulation,rtmpose_performance,yolo11l_pose,test,cross,149.91471916607378,98.8733646870871,19678,39,47
split_b,42,bounded_reliability_dual_modulation,yolo11l_pose,rtmpose_performance,val,cross,178.5578584231669,120.78089167217533,19666,50,50
split_b,42,bounded_reliability_dual_modulation,yolo11l_pose,rtmpose_performance,test,cross,162.02326916480334,109.85666853529322,19678,50,50
split_b,42,bounded_reliability_dual_modulation,yolo11l_pose,yolo11l_pose,val,matched,136.54352213210618,91.87467186387674,19666,50,50
split_b,42,bounded_reliability_dual_modulation,yolo11l_pose,yolo11l_pose,test,matched,121.9319497027137,82.52561950528509,19678,50,50
split_b,42,detector_aware_observed,rtmpose_performance,rtmpose_performance,val,matched,129.866778322994,85.5104884381674,19666,50,50
split_b,42,detector_aware_observed,rtmpose_performance,rtmpose_performance,test,matched,110.09498392875292,75.15545199588372,19678,50,50
split_b,42,detector_aware_observed,rtmpose_performance,yolo11l_pose,val,cross,144.11752199227092,94.60153230829859,19666,50,50
split_b,42,detector_aware_observed,rtmpose_performance,yolo11l_pose,test,cross,125.1565842882915,84.42820345055392,19678,50,50
split_b,42,detector_aware_observed,yolo11l_pose,rtmpose_performance,val,cross,144.19902210668158,93.50348316892098,19666,43,50
split_b,42,detector_aware_observed,yolo11l_pose,rtmpose_performance,test,cross,122.73479822009351,81.6153620159569,19678,43,50
split_b,42,detector_aware_observed,yolo11l_pose,yolo11l_pose,val,matched,141.37918552323808,93.77288093982,19666,43,50
split_b,42,detector_aware_observed,yolo11l_pose,yolo11l_pose,test,matched,124.75547883423113,83.5492602779754,19678,43,50
split_b,42,detector_conditioned_virtual_view_no_confidence,rtmpose_performance,rtmpose_performance,val,matched,131.67860139326757,86.15757764034375,19666,31,39
split_b,42,detector_conditioned_virtual_view_no_confidence,rtmpose_performance,rtmpose_performance,test,matched,111.99384703094827,76.13913936248602,19678,31,39
split_b,42,detector_conditioned_virtual_view_no_confidence,rtmpose_performance,yolo11l_pose,val,cross,144.2561892987898,94.7064500597478,19666,31,39
split_b,42,detector_conditioned_virtual_view_no_confidence,rtmpose_performance,yolo11l_pose,test,cross,126.66943731578412,84.83222420024902,19678,31,39
split_b,42,detector_conditioned_virtual_view_no_confidence,yolo11l_pose,rtmpose_performance,val,cross,145.9338992423472,94.80210253419608,19666,31,39
split_b,42,detector_conditioned_virtual_view_no_confidence,yolo11l_pose,rtmpose_performance,test,cross,124.75866767456043,82.3933207452485,19678,31,39
split_b,42,detector_conditioned_virtual_view_no_confidence,yolo11l_pose,yolo11l_pose,val,matched,142.94648203117055,95.06314673802501,19666,31,39
split_b,42,detector_conditioned_virtual_view_no_confidence,yolo11l_pose,yolo11l_pose,test,matched,125.15839150955382,84.12670439386625,19678,31,39
split_c,123,bounded_reliability_dual_modulation,rtmpose_performance,rtmpose_performance,val,matched,112.47067156215063,77.31444220703324,19678,26,34
split_c,123,bounded_reliability_dual_modulation,rtmpose_performance,rtmpose_performance,test,matched,123.20361727318046,80.65631620762711,20060,26,34
split_c,123,bounded_reliability_dual_modulation,rtmpose_performance,yolo11l_pose,val,cross,151.10374847545484,103.6510292268015,19678,26,34
split_c,123,bounded_reliability_dual_modulation,rtmpose_performance,yolo11l_pose,test,cross,160.9333857801595,106.12430910393819,20060,26,34
split_c,123,bounded_reliability_dual_modulation,yolo11l_pose,rtmpose_performance,val,cross,167.4375666988515,111.90601417191787,19678,26,34
split_c,123,bounded_reliability_dual_modulation,yolo11l_pose,rtmpose_performance,test,cross,184.48267696909272,120.30949417372881,20060,26,34
split_c,123,bounded_reliability_dual_modulation,yolo11l_pose,yolo11l_pose,val,matched,123.8184290514788,83.33316354240776,19678,26,34
split_c,123,bounded_reliability_dual_modulation,yolo11l_pose,yolo11l_pose,test,matched,134.2013412886341,89.2191160892323,20060,26,34
split_c,123,detector_aware_observed,rtmpose_performance,rtmpose_performance,val,matched,111.79498281710539,76.21600343657892,19678,32,40
split_c,123,detector_aware_observed,rtmpose_performance,rtmpose_performance,test,matched,127.96612194666002,82.65829308948156,20060,32,40
split_c,123,detector_aware_observed,rtmpose_performance,yolo11l_pose,val,cross,126.15063935613375,84.99231772156723,19678,32,40
split_c,123,detector_aware_observed,rtmpose_performance,yolo11l_pose,test,cross,139.3062795987039,90.8765313434696,20060,32,40
split_c,123,detector_aware_observed,yolo11l_pose,rtmpose_performance,val,cross,122.47022769717451,83.04937144272792,19678,44,50
split_c,123,detector_aware_observed,yolo11l_pose,rtmpose_performance,test,cross,139.27085150797606,87.30154536390828,20060,44,50
split_c,123,detector_aware_observed,yolo11l_pose,yolo11l_pose,val,matched,122.77087912262425,84.59918198622827,19678,44,50
split_c,123,detector_aware_observed,yolo11l_pose,yolo11l_pose,test,matched,137.39261356555335,89.32828078265204,20060,44,50
split_c,123,detector_conditioned_virtual_view_no_confidence,rtmpose_performance,rtmpose_performance,val,matched,113.59460199842464,76.72211829200121,19678,26,34
split_c,123,detector_conditioned_virtual_view_no_confidence,rtmpose_performance,rtmpose_performance,test,matched,126.1060248940678,81.12037013958125,20060,26,34
split_c,123,detector_conditioned_virtual_view_no_confidence,rtmpose_performance,yolo11l_pose,val,cross,127.78633022918996,85.72345941533692,19678,26,34
split_c,123,detector_conditioned_virtual_view_no_confidence,rtmpose_performance,yolo11l_pose,test,cross,138.56307951146562,90.07605698529412,20060,26,34
split_c,123,detector_conditioned_virtual_view_no_confidence,yolo11l_pose,rtmpose_performance,val,cross,124.3632768828133,83.57134871430023,19678,15,23
split_c,123,detector_conditioned_virtual_view_no_confidence,yolo11l_pose,rtmpose_performance,test,cross,138.89384346959122,90.16547077517447,20060,15,23
split_c,123,detector_conditioned_virtual_view_no_confidence,yolo11l_pose,yolo11l_pose,val,matched,126.38733293525765,85.87261114887184,19678,15,23
split_c,123,detector_conditioned_virtual_view_no_confidence,yolo11l_pose,yolo11l_pose,test,matched,138.442169584995,92.30023367397807,20060,15,23
split_c,2026,bounded_reliability_dual_modulation,rtmpose_performance,rtmpose_performance,val,matched,110.22873894704746,75.33714443159874,19678,43,50
split_c,2026,bounded_reliability_dual_modulation,rtmpose_performance,rtmpose_performance,test,matched,121.43601461241276,79.6123021560319,20060,43,50
split_c,2026,bounded_reliability_dual_modulation,rtmpose_performance,yolo11l_pose,val,cross,148.81356559355626,100.98820422870719,19678,43,50
split_c,2026,bounded_reliability_dual_modulation,rtmpose_performance,yolo11l_pose,test,cross,158.61560474825524,103.21205212487537,20060,43,50
split_c,2026,bounded_reliability_dual_modulation,yolo11l_pose,rtmpose_performance,val,cross,159.35624650625064,107.7222270746519,19678,31,39
split_c,2026,bounded_reliability_dual_modulation,yolo11l_pose,rtmpose_performance,test,cross,176.37552031405784,113.97185786390827,20060,31,39
split_c,2026,bounded_reliability_dual_modulation,yolo11l_pose,yolo11l_pose,val,matched,121.98399942194328,82.49122314577193,19678,31,39
split_c,2026,bounded_reliability_dual_modulation,yolo11l_pose,yolo11l_pose,test,matched,131.33464216724826,87.85795893569292,20060,31,39
split_c,2026,detector_aware_observed,rtmpose_performance,rtmpose_performance,val,matched,111.64646432564285,76.00451249491819,19678,47,50
split_c,2026,detector_aware_observed,rtmpose_performance,rtmpose_performance,test,matched,125.58998005982053,82.05384783150548,20060,47,50
split_c,2026,detector_aware_observed,rtmpose_performance,yolo11l_pose,val,cross,126.05911900345563,85.254752690187,19678,47,50
split_c,2026,detector_aware_observed,rtmpose_performance,yolo11l_pose,test,cross,138.77551564057828,90.79750591974077,20060,47,50
split_c,2026,detector_aware_observed,yolo11l_pose,rtmpose_performance,val,cross,124.682048956957,83.35861193337738,19678,44,50
split_c,2026,detector_aware_observed,yolo11l_pose,rtmpose_performance,test,cross,138.17361820787636,87.93767136091725,20060,44,50
split_c,2026,detector_aware_observed,yolo11l_pose,yolo11l_pose,val,matched,124.20597637590203,84.82982105650981,19678,44,50
split_c,2026,detector_aware_observed,yolo11l_pose,yolo11l_pose,test,matched,136.21174133848456,89.67479125124626,20060,44,50
split_c,2026,detector_conditioned_virtual_view_no_confidence,rtmpose_performance,rtmpose_performance,val,matched,112.04131199817054,76.28198924560422,19678,31,39
split_c,2026,detector_conditioned_virtual_view_no_confidence,rtmpose_performance,rtmpose_performance,test,matched,124.81457190927219,81.48455103439682,20060,31,39
split_c,2026,detector_conditioned_virtual_view_no_confidence,rtmpose_performance,yolo11l_pose,val,cross,126.9883674026832,85.2286670869753,19678,31,39
split_c,2026,detector_conditioned_virtual_view_no_confidence,rtmpose_performance,yolo11l_pose,test,cross,139.51476352193419,91.01802638958125,20060,31,39
split_c,2026,detector_conditioned_virtual_view_no_confidence,yolo11l_pose,rtmpose_performance,val,cross,124.92987806814718,81.71018634388658,19678,41,49
split_c,2026,detector_conditioned_virtual_view_no_confidence,yolo11l_pose,rtmpose_performance,test,cross,137.55379330757728,86.6560599451645,20060,41,49
split_c,2026,detector_conditioned_virtual_view_no_confidence,yolo11l_pose,yolo11l_pose,val,matched,124.92386008486635,83.07736788863197,19678,41,49
split_c,2026,detector_conditioned_virtual_view_no_confidence,yolo11l_pose,yolo11l_pose,test,matched,134.24250451769691,88.41556891824527,20060,41,49
split_c,42,bounded_reliability_dual_modulation,rtmpose_performance,rtmpose_performance,val,matched,111.38546616144933,75.70272123373819,19678,47,50
split_c,42,bounded_reliability_dual_modulation,rtmpose_performance,rtmpose_performance,test,matched,123.03521544740778,79.86629798105683,20060,47,50
split_c,42,bounded_reliability_dual_modulation,rtmpose_performance,yolo11l_pose,val,cross,150.794141935156,99.4853167242606,19678,47,50
split_c,42,bounded_reliability_dual_modulation,rtmpose_performance,yolo11l_pose,test,cross,161.95128676470588,103.8836957876371,20060,47,50
split_c,42,bounded_reliability_dual_modulation,yolo11l_pose,rtmpose_performance,val,cross,159.58657907942882,108.71159575414168,19678,38,46
split_c,42,bounded_reliability_dual_modulation,yolo11l_pose,rtmpose_performance,test,cross,172.7130187562313,115.15269659770688,20060,38,46
split_c,42,bounded_reliability_dual_modulation,yolo11l_pose,yolo11l_pose,val,matched,122.32855139622929,83.6546591529881,19678,38,46
split_c,42,bounded_reliability_dual_modulation,yolo11l_pose,yolo11l_pose,test,matched,132.31746712986043,88.67757119267199,20060,38,46
split_c,42,detector_aware_observed,rtmpose_performance,rtmpose_performance,val,matched,111.27608560321171,76.22299292039334,19678,38,46
split_c,42,detector_aware_observed,rtmpose_performance,rtmpose_performance,test,matched,126.32241400797608,81.37669647308076,20060,38,46
split_c,42,detector_aware_observed,rtmpose_performance,yolo11l_pose,val,cross,125.57099536919402,85.43268736025003,19678,38,46
split_c,42,detector_aware_observed,rtmpose_performance,yolo11l_pose,test,cross,139.37817329262214,90.9360099389332,20060,38,46
split_c,42,detector_aware_observed,yolo11l_pose,rtmpose_performance,val,cross,123.36004198851509,82.67896334104076,19678,44,50
split_c,42,detector_aware_observed,yolo11l_pose,rtmpose_performance,test,cross,138.7197345463609,88.40169491525424,20060,44,50
split_c,42,detector_aware_observed,yolo11l_pose,yolo11l_pose,val,matched,123.41765312150625,83.84540397271064,19678,44,50
split_c,42,detector_aware_observed,yolo11l_pose,yolo11l_pose,test,matched,136.9762688497009,90.13963266450648,20060,44,50
split_c,42,detector_conditioned_virtual_view_no_confidence,rtmpose_performance,rtmpose_performance,val,matched,113.46660372624251,76.943634309254,19678,31,39
split_c,42,detector_conditioned_virtual_view_no_confidence,rtmpose_performance,rtmpose_performance,test,matched,126.61099825523429,82.27389472208375,20060,31,39
split_c,42,detector_conditioned_virtual_view_no_confidence,rtmpose_performance,yolo11l_pose,val,cross,127.19131056890944,85.98810140131111,19678,31,39
split_c,42,detector_conditioned_virtual_view_no_confidence,rtmpose_performance,yolo11l_pose,test,cross,139.8097333000997,91.42102053215353,20060,31,39
split_c,42,detector_conditioned_virtual_view_no_confidence,yolo11l_pose,rtmpose_performance,val,cross,124.1826357480435,82.308014502236,19678,40,48
split_c,42,detector_conditioned_virtual_view_no_confidence,yolo11l_pose,rtmpose_performance,test,cross,138.13677638958126,89.04761029411765,20060,40,48
split_c,42,detector_conditioned_virtual_view_no_confidence,yolo11l_pose,yolo11l_pose,val,matched,124.6742023134973,83.75628319061896,19678,40,48
split_c,42,detector_conditioned_virtual_view_no_confidence,yolo11l_pose,yolo11l_pose,test,matched,137.39137587238284,90.39491836989033,20060,40,48
