subject,split,seed,detector,arm,valid_frames,detector_success_rate,MPJPE_mm,PA_MPJPE_mm,3DPCK_at_150mm_pct,AUC_0_to_150mm_pct
TS1,split_a,42,rtmpose_performance,detector_aware_observed,603,1.0,92.83554077148438,61.591251373291016,83.77161809997631,45.194534241236205
TS2,split_a,42,rtmpose_performance,detector_aware_observed,540,1.0,121.54466247558594,82.65546417236328,71.9047619047619,34.14703874381293
TS3,split_a,42,rtmpose_performance,detector_aware_observed,506,1.0,119.1532974243164,74.49232482910156,71.99322416713721,33.98981803610135
TS4,split_a,42,rtmpose_performance,detector_aware_observed,558,1.0,140.5236053466797,87.99832153320312,65.51459293394777,30.01048841319392
TS5,split_a,42,rtmpose_performance,detector_aware_observed,276,1.0,121.97810363769531,74.28362274169922,72.04968944099379,35.74350497562279
TS6,split_a,42,rtmpose_performance,detector_aware_observed,392,1.0,133.52374267578125,114.796875,73.26895043731778,37.05856766669802
TS1,split_a,42,rtmpose_performance,detector_conditioned_virtual_view_no_confidence,603,1.0,99.90261840820312,63.61393737792969,81.79341388296612,41.59234549220106
TS2,split_a,42,rtmpose_performance,detector_conditioned_virtual_view_no_confidence,540,1.0,127.21839904785156,83.13291931152344,69.82804232804233,31.415770609319
TS3,split_a,42,rtmpose_performance,detector_conditioned_virtual_view_no_confidence,506,1.0,125.40694427490234,77.50418090820312,69.81931112365895,31.838673248210412
TS4,split_a,42,rtmpose_performance,detector_conditioned_virtual_view_no_confidence,558,1.0,144.53012084960938,89.2850570678711,62.762416794674856,28.013147680161214
TS5,split_a,42,rtmpose_performance,detector_conditioned_virtual_view_no_confidence,276,1.0,117.76758575439453,77.74436950683594,76.24223602484473,35.837841447939624
TS6,split_a,42,rtmpose_performance,detector_conditioned_virtual_view_no_confidence,392,1.0,134.48724365234375,109.4440689086914,70.49927113702624,34.92958243205116
TS1,split_a,42,rtmpose_performance,bounded_reliability_observed_modulation,603,1.0,94.69461059570312,61.95661544799805,83.3807154702677,44.680590901101255
TS2,split_a,42,rtmpose_performance,bounded_reliability_observed_modulation,540,1.0,118.3954849243164,75.35443878173828,73.3862433862434,34.706434545144226
TS3,split_a,42,rtmpose_performance,bounded_reliability_observed_modulation,506,1.0,119.1854476928711,74.17655181884766,72.68492377188029,34.300377042312526
TS4,split_a,42,rtmpose_performance,bounded_reliability_observed_modulation,558,1.0,140.813720703125,86.40230560302734,64.0937019969278,29.601275126769412
TS5,split_a,42,rtmpose_performance,bounded_reliability_observed_modulation,276,1.0,129.81002807617188,73.69155883789062,71.48033126293996,34.82435049756227
TS6,split_a,42,rtmpose_performance,bounded_reliability_observed_modulation,392,1.0,125.65784454345703,104.88246154785156,74.41690962099126,39.112903225806456
TS1,split_a,42,rtmpose_performance,bounded_reliability_dual_modulation,603,1.0,96.53746032714844,58.38138198852539,83.42809760720209,43.12844380249291
TS2,split_a,42,rtmpose_performance,bounded_reliability_dual_modulation,540,1.0,122.15472412109375,76.0439682006836,71.33597883597884,32.802952722307566
TS3,split_a,42,rtmpose_performance,bounded_reliability_dual_modulation,506,1.0,116.92749786376953,71.3880386352539,73.33427442123094,35.01120198174896
TS4,split_a,42,rtmpose_performance,bounded_reliability_dual_modulation,558,1.0,139.44198608398438,84.48497772216797,64.26011264720943,29.763143550864672
TS5,split_a,42,rtmpose_performance,bounded_reliability_dual_modulation,276,1.0,115.80607604980469,78.32516479492188,76.13871635610766,36.7394643691979
TS6,split_a,42,rtmpose_performance,bounded_reliability_dual_modulation,392,1.0,128.53245544433594,104.6045150756836,73.30539358600583,37.524099501551774
TS1,split_a,42,yolo11l_pose,detector_aware_observed,603,1.0,103.07392883300781,63.76832962036133,80.91684434968018,41.24462174534394
TS2,split_a,42,yolo11l_pose,detector_aware_observed,540,1.0,131.1937713623047,87.35343933105469,68.90211640211639,32.56997781191329
TS3,split_a,42,yolo11l_pose,detector_aware_observed,506,1.0,130.93772888183594,80.01470947265625,68.33709768492378,31.772189941895412
TS4,split_a,42,yolo11l_pose,detector_aware_observed,558,1.0,153.0332794189453,94.77371978759766,60.66308243727598,28.004476157441815
TS5,split_a,42,yolo11l_pose,detector_aware_observed,276,1.0,140.6766357421875,90.328125,66.14906832298136,30.426434248313633
TS6,split_a,42,yolo11l_pose,detector_aware_observed,392,1.0,138.5030975341797,114.13343048095703,69.93440233236151,34.33414840590615
TS1,split_a,42,yolo11l_pose,detector_conditioned_virtual_view_no_confidence,603,1.0,109.19192504882812,66.37911987304688,77.01966358682778,38.44983989423085
TS2,split_a,42,yolo11l_pose,detector_conditioned_virtual_view_no_confidence,540,1.0,135.17581176757812,86.97372436523438,66.4021164021164,30.809011776753714
TS3,split_a,42,yolo11l_pose,detector_conditioned_virtual_view_no_confidence,506,1.0,133.1434326171875,80.10650634765625,67.20779220779221,30.929764485164196
TS4,split_a,42,yolo11l_pose,detector_conditioned_virtual_view_no_confidence,558,1.0,154.4522247314453,94.62236022949219,60.189452124936,27.271113093173444
TS5,split_a,42,yolo11l_pose,detector_conditioned_virtual_view_no_confidence,276,1.0,133.82252502441406,90.06116485595703,72.59316770186336,33.66643291257597
TS6,split_a,42,yolo11l_pose,detector_conditioned_virtual_view_no_confidence,392,1.0,137.18643188476562,111.38145446777344,68.91399416909621,33.67758393680053
TS1,split_a,42,yolo11l_pose,bounded_reliability_observed_modulation,603,1.0,98.50835418701172,61.58470916748047,81.71049514333096,43.5713139372263
TS2,split_a,42,yolo11l_pose,bounded_reliability_observed_modulation,540,1.0,133.0332489013672,87.88814544677734,68.28042328042329,32.128776241679475
TS3,split_a,42,yolo11l_pose,bounded_reliability_observed_modulation,506,1.0,126.74800872802734,79.38381958007812,70.53924336533032,33.26487677820076
TS4,split_a,42,yolo11l_pose,bounded_reliability_observed_modulation,558,1.0,148.16090393066406,92.16571807861328,63.24884792626728,29.81269510926119
TS5,split_a,42,yolo11l_pose,bounded_reliability_observed_modulation,276,1.0,143.58106994628906,89.981689453125,65.9679089026915,29.897148200093504
TS6,split_a,42,yolo11l_pose,bounded_reliability_observed_modulation,392,1.0,128.84671020507812,108.79386901855469,72.74052478134111,36.658868616571056
TS1,split_a,42,yolo11l_pose,bounded_reliability_dual_modulation,603,1.0,103.929931640625,62.81711959838867,80.17057569296375,40.79028819038448
TS2,split_a,42,yolo11l_pose,bounded_reliability_dual_modulation,540,1.0,127.79798126220703,84.40426635742188,70.31746031746032,32.865250042669395
TS3,split_a,42,yolo11l_pose,bounded_reliability_dual_modulation,506,1.0,128.5130157470703,79.374267578125,69.90400903444382,32.72026010455183
TS4,split_a,42,yolo11l_pose,bounded_reliability_dual_modulation,558,1.0,146.5365753173828,91.26934051513672,63.14644137224782,28.986422872999352
TS5,split_a,42,yolo11l_pose,bounded_reliability_dual_modulation,276,1.0,147.3013458251953,92.1773452758789,65.65734989648033,29.103219127763314
TS6,split_a,42,yolo11l_pose,bounded_reliability_dual_modulation,392,1.0,130.1291961669922,102.36138153076172,70.91836734693877,34.53517351641117
TS1,split_a,123,rtmpose_performance,detector_aware_observed,603,1.0,93.38231658935547,60.299903869628906,83.71239042880833,44.82770479400233
TS2,split_a,123,rtmpose_performance,detector_aware_observed,540,1.0,127.4237289428711,80.62987518310547,69.49735449735451,32.64080901177675
TS3,split_a,123,rtmpose_performance,detector_aware_observed,506,1.0,124.92294311523438,76.16059875488281,69.74872953133823,32.053150215843054
TS4,split_a,123,rtmpose_performance,detector_aware_observed,558,1.0,141.46893310546875,88.46977996826172,64.20890937019969,28.89516541961912
TS5,split_a,123,rtmpose_performance,detector_aware_observed,276,1.0,131.4884033203125,76.07828521728516,69.84989648033127,32.75896613905029
TS6,split_a,123,rtmpose_performance,detector_aware_observed,392,1.0,134.3610076904297,108.39520263671875,71.51967930029156,35.371602558073924
TS1,split_a,123,rtmpose_performance,detector_conditioned_virtual_view_no_confidence,603,1.0,96.7136001586914,59.456153869628906,82.51599147121536,43.033679528624155
TS2,split_a,123,rtmpose_performance,detector_conditioned_virtual_view_no_confidence,540,1.0,128.9624481201172,81.94976806640625,68.3994708994709,32.28835978835979
TS3,split_a,123,rtmpose_performance,detector_conditioned_virtual_view_no_confidence,506,1.0,125.3616943359375,75.61827850341797,69.08526256352343,32.37281652428917
TS4,split_a,123,rtmpose_performance,detector_conditioned_virtual_view_no_confidence,558,1.0,146.10252380371094,88.14447021484375,62.6600102406554,28.26709941694333
TS5,split_a,123,rtmpose_performance,detector_conditioned_virtual_view_no_confidence,276,1.0,124.02745056152344,77.92243194580078,72.30848861283644,35.08899352167234
TS6,split_a,123,rtmpose_performance,detector_conditioned_virtual_view_no_confidence,392,1.0,130.52996826171875,103.77972412109375,72.59475218658892,37.42535032446158
TS1,split_a,123,rtmpose_performance,bounded_reliability_observed_modulation,603,1.0,93.23056030273438,59.38210678100586,84.3875858801232,44.338598864357174
TS2,split_a,123,rtmpose_performance,bounded_reliability_observed_modulation,540,1.0,115.49335479736328,74.33431243896484,74.7883597883598,35.555555555555564
TS3,split_a,123,rtmpose_performance,bounded_reliability_observed_modulation,506,1.0,119.58416748046875,72.34210205078125,71.8661773009599,33.730259922405786
TS4,split_a,123,rtmpose_performance,bounded_reliability_observed_modulation,558,1.0,134.07489013671875,84.81819152832031,67.10189452124936,31.36076837949886
TS5,split_a,123,rtmpose_performance,bounded_reliability_observed_modulation,276,1.0,122.37782287597656,74.04644012451172,73.65424430641822,35.88375743004074
TS6,split_a,123,rtmpose_performance,bounded_reliability_observed_modulation,392,1.0,134.54696655273438,106.31214904785156,71.06413994169097,34.68153390388413
TS1,split_a,123,rtmpose_performance,bounded_reliability_dual_modulation,603,1.0,99.70756530761719,59.89030838012695,81.30774697938877,40.894987428449156
TS2,split_a,123,rtmpose_performance,bounded_reliability_dual_modulation,540,1.0,123.48299407958984,75.52007293701172,71.26984126984127,32.70310633213858
TS3,split_a,123,rtmpose_performance,bounded_reliability_dual_modulation,506,1.0,123.9762191772461,72.21784210205078,69.57933370976849,32.13329447551047
TS4,split_a,123,rtmpose_performance,bounded_reliability_dual_modulation,558,1.0,141.52947998046875,85.0315170288086,63.65847414234511,28.711411723898717
TS5,split_a,123,rtmpose_performance,bounded_reliability_dual_modulation,276,1.0,137.51687622070312,74.35404968261719,64.41511387163561,29.782775662859816
TS6,split_a,123,rtmpose_performance,bounded_reliability_dual_modulation,392,1.0,136.85675048828125,108.78404235839844,71.4832361516035,34.88314680710994
TS1,split_a,123,yolo11l_pose,detector_aware_observed,603,1.0,99.61966705322266,64.76740264892578,81.80525941719972,43.5613789730304
TS2,split_a,123,yolo11l_pose,detector_aware_observed,540,1.0,130.6430206298828,86.97624206542969,69.82804232804233,33.36149513568868
TS3,split_a,123,yolo11l_pose,detector_aware_observed,506,1.0,132.62484741210938,84.35449981689453,68.57707509881423,32.00306005355094
TS4,split_a,123,yolo11l_pose,detector_aware_observed,558,1.0,152.57638549804688,95.86454772949219,61.89196108550947,28.042052755892517
TS5,split_a,123,yolo11l_pose,detector_aware_observed,276,1.0,147.6263885498047,94.34282684326172,65.1656314699793,30.0156949175182
TS6,split_a,123,yolo11l_pose,detector_aware_observed,392,1.0,137.64720153808594,118.1440658569336,71.35568513119533,35.29107495532775
TS1,split_a,123,yolo11l_pose,detector_conditioned_virtual_view_no_confidence,603,1.0,104.73119354248047,61.310726165771484,78.85572139303483,40.514783990951535
TS2,split_a,123,yolo11l_pose,detector_conditioned_virtual_view_no_confidence,540,1.0,132.9125213623047,86.8607177734375,67.51322751322752,31.46398702850316
TS3,split_a,123,yolo11l_pose,detector_conditioned_virtual_view_no_confidence,506,1.0,134.2757568359375,80.69109344482422,66.86900056465274,30.818655397898038
TS4,split_a,123,yolo11l_pose,detector_conditioned_virtual_view_no_confidence,558,1.0,152.9190673828125,93.4559097290039,60.85509472606246,28.08251986191632
TS5,split_a,123,yolo11l_pose,detector_conditioned_virtual_view_no_confidence,276,1.0,137.56764221191406,93.12889862060547,69.35817805383023,32.1679022240032
TS6,split_a,123,yolo11l_pose,detector_conditioned_virtual_view_no_confidence,392,1.0,131.02175903320312,109.2245101928711,71.99344023323616,37.50176337816232
TS1,split_a,123,yolo11l_pose,bounded_reliability_observed_modulation,603,1.0,102.99388122558594,63.88117599487305,79.4835347074153,41.51477634867139
TS2,split_a,123,yolo11l_pose,bounded_reliability_observed_modulation,540,1.0,134.83399963378906,88.32281494140625,68.71693121693121,31.905615292712064
TS3,split_a,123,yolo11l_pose,bounded_reliability_observed_modulation,506,1.0,128.2834930419922,78.8559341430664,69.77696216826652,32.99302380648804
TS4,split_a,123,yolo11l_pose,bounded_reliability_observed_modulation,558,1.0,148.48983764648438,91.3659896850586,62.762416794674856,29.265150388979734
TS5,split_a,123,yolo11l_pose,bounded_reliability_observed_modulation,276,1.0,147.62159729003906,93.28704071044922,66.6407867494824,29.302744940893604
TS6,split_a,123,yolo11l_pose,bounded_reliability_observed_modulation,392,1.0,126.45257568359375,106.34432220458984,75.3097667638484,38.12717483306687
TS1,split_a,123,yolo11l_pose,bounded_reliability_dual_modulation,603,1.0,105.16272735595703,65.20145416259766,78.65434731106373,40.51707667499675
TS2,split_a,123,yolo11l_pose,bounded_reliability_dual_modulation,540,1.0,133.52813720703125,88.50725555419922,68.86243386243386,31.05308073050008
TS3,split_a,123,yolo11l_pose,bounded_reliability_dual_modulation,506,1.0,129.7578125,81.49017333984375,68.47826086956522,32.150598349756834
TS4,split_a,123,yolo11l_pose,bounded_reliability_dual_modulation,558,1.0,151.277587890625,94.27572631835938,61.840757808499745,28.121335249326922
TS5,split_a,123,yolo11l_pose,bounded_reliability_dual_modulation,276,1.0,140.4834442138672,89.32357788085938,65.83850931677019,29.872937954985645
TS6,split_a,123,yolo11l_pose,bounded_reliability_dual_modulation,392,1.0,128.3328399658203,108.50788116455078,73.28717201166181,37.225500799398105
TS1,split_a,2026,rtmpose_performance,detector_aware_observed,603,1.0,95.87715911865234,59.88673400878906,83.54655294953803,43.364208145142186
TS2,split_a,2026,rtmpose_performance,detector_aware_observed,540,1.0,129.42930603027344,82.49970245361328,68.32010582010582,32.36815156169995
TS3,split_a,2026,rtmpose_performance,detector_aware_observed,506,1.0,122.07604217529297,74.55766296386719,71.49915302089215,32.845485510282145
TS4,split_a,2026,rtmpose_performance,detector_aware_observed,558,1.0,142.0316162109375,86.8300552368164,63.55606758832565,29.242026328394694
TS5,split_a,2026,rtmpose_performance,detector_aware_observed,276,1.0,120.34378051757812,79.00628662109375,72.851966873706,35.938021772523875
TS6,split_a,2026,rtmpose_performance,detector_aware_observed,392,1.0,129.46864318847656,107.97444152832031,73.76093294460642,37.612856202388784
TS1,split_a,2026,rtmpose_performance,detector_conditioned_virtual_view_no_confidence,603,1.0,92.993896484375,60.92363739013672,84.28097607202085,44.700842943500625
TS2,split_a,2026,rtmpose_performance,detector_conditioned_virtual_view_no_confidence,540,1.0,123.38066101074219,80.55175018310547,71.01851851851852,33.30602491892814
TS3,split_a,2026,rtmpose_performance,detector_conditioned_virtual_view_no_confidence,506,1.0,124.41736602783203,76.60064697265625,69.91812535290796,32.181563177355606
TS4,split_a,2026,rtmpose_performance,detector_conditioned_virtual_view_no_confidence,558,1.0,143.36111450195312,88.14993286132812,63.96569380440348,28.676725633021157
TS5,split_a,2026,rtmpose_performance,detector_conditioned_virtual_view_no_confidence,276,1.0,115.3291244506836,73.38655853271484,73.8871635610766,35.91882054364522
TS6,split_a,2026,rtmpose_performance,detector_conditioned_virtual_view_no_confidence,392,1.0,130.98876953125,110.20034790039062,74.03425655976676,38.72437223737422
TS1,split_a,2026,rtmpose_performance,bounded_reliability_observed_modulation,603,1.0,93.13490295410156,61.14546585083008,83.42809760720209,45.49793276321925
TS2,split_a,2026,rtmpose_performance,bounded_reliability_observed_modulation,540,1.0,118.33812713623047,76.62293243408203,73.32010582010582,35.56835637480799
TS3,split_a,2026,rtmpose_performance,bounded_reliability_observed_modulation,506,1.0,120.49633026123047,74.62586975097656,71.485036702428,34.4770587056702
TS4,split_a,2026,rtmpose_performance,bounded_reliability_observed_modulation,558,1.0,135.368896484375,84.60171508789062,67.0378904249872,31.034553953388507
TS5,split_a,2026,rtmpose_performance,bounded_reliability_observed_modulation,276,1.0,118.78471374511719,76.0079345703125,74.0424430641822,36.837140185667536
TS6,split_a,2026,rtmpose_performance,bounded_reliability_observed_modulation,392,1.0,131.47238159179688,106.8598403930664,72.75874635568513,36.84108436001129
TS1,split_a,2026,rtmpose_performance,bounded_reliability_dual_modulation,603,1.0,93.91080474853516,58.854915618896484,83.62947168917319,44.12728981819016
TS2,split_a,2026,rtmpose_performance,bounded_reliability_dual_modulation,540,1.0,120.63388061523438,76.29190826416016,71.87830687830687,33.869687660010236
TS3,split_a,2026,rtmpose_performance,bounded_reliability_dual_modulation,506,1.0,120.68575286865234,72.65626525878906,71.38622247317899,33.48800568295659
TS4,split_a,2026,rtmpose_performance,bounded_reliability_dual_modulation,558,1.0,138.60791015625,82.98369598388672,64.34971838197644,29.249046132500865
TS5,split_a,2026,rtmpose_performance,bounded_reliability_dual_modulation,276,1.0,116.65641784667969,80.14111328125,77.89855072463769,38.076036866359445
TS6,split_a,2026,rtmpose_performance,bounded_reliability_dual_modulation,392,1.0,127.59867095947266,104.93902587890625,73.65160349854227,38.65207373271889
TS1,split_a,2026,yolo11l_pose,detector_aware_observed,603,1.0,101.1475830078125,65.97911071777344,80.72731580194267,43.284728431574855
TS2,split_a,2026,yolo11l_pose,detector_aware_observed,540,1.0,130.48770141601562,85.22298431396484,69.32539682539682,32.9868578255675
TS3,split_a,2026,yolo11l_pose,detector_aware_observed,506,1.0,128.8113555908203,82.13932800292969,69.39582156973462,33.20294712300323
TS4,split_a,2026,yolo11l_pose,detector_aware_observed,558,1.0,154.9010772705078,94.49530792236328,60.93189964157706,28.344317262111225
TS5,split_a,2026,yolo11l_pose,detector_aware_observed,276,1.0,138.2672576904297,87.46813201904297,69.56521739130434,31.42907233019435
TS6,split_a,2026,yolo11l_pose,detector_aware_observed,392,1.0,138.10272216796875,121.14781951904297,71.22813411078717,35.89473807956362
TS1,split_a,2026,yolo11l_pose,detector_conditioned_virtual_view_no_confidence,603,1.0,107.02494049072266,65.9342269897461,78.20421701018716,39.79793811281534
TS2,split_a,2026,yolo11l_pose,detector_conditioned_virtual_view_no_confidence,540,1.0,132.97332763671875,89.18425750732422,67.94973544973544,32.132189793480116
TS3,split_a,2026,yolo11l_pose,detector_conditioned_virtual_view_no_confidence,506,1.0,131.7085723876953,82.1816177368164,68.30886504799548,31.51855157465256
TS4,split_a,2026,yolo11l_pose,detector_conditioned_virtual_view_no_confidence,558,1.0,153.357177734375,95.0090560913086,60.445468509984636,27.97722280032373
TS5,split_a,2026,yolo11l_pose,detector_conditioned_virtual_view_no_confidence,276,1.0,147.76724243164062,94.4566650390625,64.77743271221532,30.155947371936154
TS6,split_a,2026,yolo11l_pose,detector_conditioned_virtual_view_no_confidence,392,1.0,134.9949188232422,114.52257537841797,71.68367346938776,36.35321640176808
TS1,split_a,2026,yolo11l_pose,bounded_reliability_observed_modulation,603,1.0,102.86131286621094,62.04084396362305,80.0639658848614,41.05700376764411
TS2,split_a,2026,yolo11l_pose,bounded_reliability_observed_modulation,540,1.0,130.4888916015625,83.4510269165039,68.86243386243386,32.12621607782898
TS3,split_a,2026,yolo11l_pose,bounded_reliability_observed_modulation,506,1.0,130.17486572265625,79.05293273925781,69.01468097120271,31.90743338008415
TS4,split_a,2026,yolo11l_pose,bounded_reliability_observed_modulation,558,1.0,149.0883026123047,91.33101654052734,62.13517665130568,28.486777992501196
TS5,split_a,2026,yolo11l_pose,bounded_reliability_observed_modulation,276,1.0,158.67681884765625,95.1736068725586,58.77329192546584,26.60455486542443
TS6,split_a,2026,yolo11l_pose,bounded_reliability_observed_modulation,392,1.0,140.7908172607422,107.38800811767578,66.07142857142857,31.356978275181046
TS1,split_a,2026,yolo11l_pose,bounded_reliability_dual_modulation,603,1.0,105.10128021240234,63.7794075012207,79.32954276237858,40.36461318599017
TS2,split_a,2026,yolo11l_pose,bounded_reliability_dual_modulation,540,1.0,129.21392822265625,86.4726333618164,70.02645502645503,32.841781874039945
TS3,split_a,2026,yolo11l_pose,bounded_reliability_dual_modulation,506,1.0,128.71043395996094,80.15178680419922,69.21230942970074,32.73301032768074
TS4,split_a,2026,yolo11l_pose,bounded_reliability_dual_modulation,558,1.0,153.21591186523438,93.762451171875,60.71428571428571,28.250582230811162
TS5,split_a,2026,yolo11l_pose,bounded_reliability_dual_modulation,276,1.0,140.73731994628906,88.7857894897461,69.2287784679089,33.7206972550591
TS6,split_a,2026,yolo11l_pose,bounded_reliability_dual_modulation,392,1.0,131.3780059814453,108.53992462158203,71.02769679300292,35.386297376093296
TS1,split_b,42,rtmpose_performance,detector_aware_observed,603,1.0,95.00558471679688,58.63715744018555,82.89504856669035,43.30498047397421
TS2,split_b,42,rtmpose_performance,detector_aware_observed,540,1.0,117.8060073852539,73.87596130371094,72.98941798941799,35.246629117596854
TS3,split_b,42,rtmpose_performance,detector_aware_observed,506,1.0,121.63436889648438,72.39610290527344,71.17447769621683,33.34411030764468
TS4,split_b,42,rtmpose_performance,detector_aware_observed,558,1.0,139.88682556152344,86.72393798828125,65.02816180235536,30.030309036552538
TS5,split_b,42,rtmpose_performance,detector_aware_observed,276,1.0,126.50686645507812,81.74490356445312,67.59834368530021,33.00357309824351
TS6,split_b,42,rtmpose_performance,detector_aware_observed,392,1.0,128.75257873535156,108.73086547851562,75.0,38.64854697639424
TS1,split_b,42,rtmpose_performance,detector_conditioned_virtual_view_no_confidence,603,1.0,92.96453094482422,56.549137115478516,84.87325278370055,43.91941979809097
TS2,split_b,42,rtmpose_performance,detector_conditioned_virtual_view_no_confidence,540,1.0,120.1781234741211,74.07545471191406,73.08201058201058,34.24731182795699
TS3,split_b,42,rtmpose_performance,detector_conditioned_virtual_view_no_confidence,506,1.0,120.6165771484375,73.26250457763672,71.90852625635235,33.65649077430283
TS4,split_b,42,rtmpose_performance,detector_conditioned_virtual_view_no_confidence,558,1.0,143.23428344726562,86.78399658203125,64.97695852534562,29.227986720182347
TS5,split_b,42,rtmpose_performance,detector_conditioned_virtual_view_no_confidence,276,1.0,113.85044860839844,77.17440032958984,78.59730848861284,37.75128564749883
TS6,split_b,42,rtmpose_performance,detector_conditioned_virtual_view_no_confidence,392,1.0,132.092041015625,104.76471710205078,69.533527696793,35.97585347503056
TS1,split_b,42,rtmpose_performance,bounded_reliability_observed_modulation,603,1.0,96.45279693603516,56.75107955932617,83.25041459369817,42.50254105815011
TS2,split_b,42,rtmpose_performance,bounded_reliability_observed_modulation,540,1.0,116.84502410888672,70.41942596435547,74.45767195767196,35.08576548899129
TS3,split_b,42,rtmpose_performance,bounded_reliability_observed_modulation,506,1.0,120.83773803710938,71.27198028564453,71.97910784867307,33.05677492213257
TS4,split_b,42,rtmpose_performance,bounded_reliability_observed_modulation,558,1.0,142.88661193847656,84.62561798095703,64.17050691244239,28.985184084039446
TS5,split_b,42,rtmpose_performance,bounded_reliability_observed_modulation,276,1.0,121.74039459228516,72.0877456665039,73.91304347826086,34.684932879182526
TS6,split_b,42,rtmpose_performance,bounded_reliability_observed_modulation,392,1.0,136.09954833984375,106.72360229492188,70.18950437317784,35.12472961534844
TS1,split_b,42,rtmpose_performance,bounded_reliability_dual_modulation,603,1.0,94.53912353515625,55.532440185546875,84.19805733238569,43.153663326990234
TS2,split_b,42,rtmpose_performance,bounded_reliability_dual_modulation,540,1.0,125.5448226928711,72.2035140991211,70.8862433862434,32.13474995733061
TS3,split_b,42,rtmpose_performance,bounded_reliability_dual_modulation,506,1.0,117.42588806152344,67.52677154541016,73.16487859966121,34.530791788856305
TS4,split_b,42,rtmpose_performance,bounded_reliability_dual_modulation,558,1.0,138.74551391601562,83.46036529541016,65.5657962109575,30.07738301702922
TS5,split_b,42,rtmpose_performance,bounded_reliability_dual_modulation,276,1.0,121.99040985107422,80.1334457397461,74.74120082815735,35.84618980832165
TS6,split_b,42,rtmpose_performance,bounded_reliability_dual_modulation,392,1.0,130.33560180664062,106.53409576416016,73.14139941690962,36.84755007993981
TS1,split_b,42,yolo11l_pose,detector_aware_observed,603,1.0,102.90033721923828,59.517574310302734,80.075811419095,40.770418261992646
TS2,split_b,42,yolo11l_pose,detector_aware_observed,540,1.0,133.9741668701172,83.33768463134766,67.53968253968254,31.685014507595156
TS3,split_b,42,yolo11l_pose,detector_aware_observed,506,1.0,131.01780700683594,78.94161987304688,68.52060982495765,31.486676016830305
TS4,split_b,42,yolo11l_pose,detector_aware_observed,558,1.0,156.33279418945312,93.7740478515625,60.30465949820788,27.693127198850405
TS5,split_b,42,yolo11l_pose,detector_aware_observed,276,1.0,135.579345703125,84.95631408691406,69.56521739130434,33.80835503907033
TS6,split_b,42,yolo11l_pose,detector_aware_observed,392,1.0,132.4611053466797,109.41956329345703,71.84766763848397,35.757194582902294
TS1,split_b,42,yolo11l_pose,detector_conditioned_virtual_view_no_confidence,603,1.0,104.28138732910156,61.44028091430664,79.43615257048093,40.15253991180808
TS2,split_b,42,yolo11l_pose,detector_conditioned_virtual_view_no_confidence,540,1.0,131.0442352294922,83.34983825683594,69.2063492063492,31.942310974569043
TS3,split_b,42,yolo11l_pose,detector_conditioned_virtual_view_no_confidence,506,1.0,132.8997344970703,80.77884674072266,67.98418972332016,31.381486676016827
TS4,split_b,42,yolo11l_pose,detector_conditioned_virtual_view_no_confidence,558,1.0,160.11968994140625,95.77999877929688,59.17818740399385,26.827626645524678
TS5,split_b,42,yolo11l_pose,detector_conditioned_virtual_view_no_confidence,276,1.0,132.9764404296875,86.8736801147461,72.46376811594203,33.319141120683895
TS6,split_b,42,yolo11l_pose,detector_conditioned_virtual_view_no_confidence,392,1.0,135.1944122314453,112.22116088867188,68.5131195335277,34.429370826671686
TS1,split_b,42,yolo11l_pose,bounded_reliability_observed_modulation,603,1.0,105.5932388305664,58.67347717285156,78.16868040748638,39.197637006977395
TS2,split_b,42,yolo11l_pose,bounded_reliability_observed_modulation,540,1.0,129.12242126464844,81.32437896728516,69.4047619047619,31.850145075951524
TS3,split_b,42,yolo11l_pose,bounded_reliability_observed_modulation,506,1.0,130.75425720214844,77.95787048339844,67.88537549407114,31.505801351523647
TS4,split_b,42,yolo11l_pose,bounded_reliability_observed_modulation,558,1.0,149.89305114746094,90.1319580078125,61.66154633896569,28.706869497712372
TS5,split_b,42,yolo11l_pose,bounded_reliability_observed_modulation,276,1.0,141.096923828125,90.6001205444336,64.25983436853002,30.76287317170908
TS6,split_b,42,yolo11l_pose,bounded_reliability_observed_modulation,392,1.0,137.2806854248047,103.67756652832031,69.02332361516035,32.387378914699525
TS1,split_b,42,yolo11l_pose,bounded_reliability_dual_modulation,603,1.0,101.8482437133789,58.21791458129883,80.04027481639422,41.13304445514363
TS2,split_b,42,yolo11l_pose,bounded_reliability_dual_modulation,540,1.0,133.52978515625,82.05561828613281,67.93650793650794,31.219064686806618
TS3,split_b,42,yolo11l_pose,bounded_reliability_dual_modulation,506,1.0,125.58428955078125,75.32769012451172,70.77922077922078,33.53126536857252
TS4,split_b,42,yolo11l_pose,bounded_reliability_dual_modulation,558,1.0,148.17630004882812,89.77465057373047,62.12237583205326,28.898881786498848
TS5,split_b,42,yolo11l_pose,bounded_reliability_dual_modulation,276,1.0,140.80836486816406,87.3782958984375,72.07556935817804,31.788886662659454
TS6,split_b,42,yolo11l_pose,bounded_reliability_dual_modulation,392,1.0,126.25464630126953,102.63248443603516,73.01384839650146,36.80875576036866
TS1,split_b,123,rtmpose_performance,detector_aware_observed,603,1.0,94.88255310058594,61.225257873535156,83.8190002369107,44.01800521203506
TS2,split_b,123,rtmpose_performance,detector_aware_observed,540,1.0,122.95034790039062,76.70105743408203,72.32804232804233,33.46774193548387
TS3,split_b,123,rtmpose_performance,detector_aware_observed,506,1.0,125.28398132324219,73.11185455322266,69.73461321287408,32.22209067230105
TS4,split_b,123,rtmpose_performance,detector_aware_observed,558,1.0,145.86227416992188,86.38941955566406,61.66154633896569,28.20309532068117
TS5,split_b,123,rtmpose_performance,detector_aware_observed,276,1.0,127.8634262084961,71.04300689697266,66.35610766045549,31.951679690108865
TS6,split_b,123,rtmpose_performance,detector_aware_observed,392,1.0,133.5110321044922,108.95063018798828,71.3192419825073,36.90515376657576
TS1,split_b,123,rtmpose_performance,detector_conditioned_virtual_view_no_confidence,603,1.0,94.35308837890625,57.384307861328125,83.92561004501303,43.74211889859458
TS2,split_b,123,rtmpose_performance,detector_conditioned_virtual_view_no_confidence,540,1.0,123.64299774169922,76.1573715209961,71.21693121693121,33.203191670933606
TS3,split_b,123,rtmpose_performance,detector_conditioned_virtual_view_no_confidence,506,1.0,119.22127532958984,72.31226348876953,72.5296442687747,34.460210196535584
TS4,split_b,123,rtmpose_performance,detector_conditioned_virtual_view_no_confidence,558,1.0,145.45721435546875,85.7997817993164,63.78648233486943,28.81505706687809
TS5,split_b,123,rtmpose_performance,detector_conditioned_virtual_view_no_confidence,276,1.0,114.13799285888672,77.24380493164062,75.59523809523809,35.86205169304748
TS6,split_b,123,rtmpose_performance,detector_conditioned_virtual_view_no_confidence,392,1.0,124.43313598632812,104.15372467041016,75.10932944606414,38.35994075049375
TS1,split_b,123,rtmpose_performance,bounded_reliability_observed_modulation,603,1.0,97.29100036621094,56.88823318481445,82.37384506041222,42.098646552185315
TS2,split_b,123,rtmpose_performance,bounded_reliability_observed_modulation,540,1.0,124.25353240966797,73.90874481201172,71.11111111111111,33.22495306366274
TS3,split_b,123,rtmpose_performance,bounded_reliability_observed_modulation,506,1.0,121.20221710205078,71.29672241210938,72.5296442687747,33.25895703174806
TS4,split_b,123,rtmpose_performance,bounded_reliability_observed_modulation,558,1.0,134.49658203125,83.30809020996094,66.9994879672299,30.752523000181686
TS5,split_b,123,rtmpose_performance,bounded_reliability_observed_modulation,276,1.0,121.94215393066406,78.54403686523438,73.5248447204969,34.78177385961397
TS6,split_b,123,rtmpose_performance,bounded_reliability_observed_modulation,392,1.0,132.8242645263672,108.67376708984375,72.81341107871721,35.87710429794038
TS1,split_b,123,rtmpose_performance,bounded_reliability_dual_modulation,603,1.0,91.55162811279297,54.071533203125,85.5484482350154,44.52927375411729
TS2,split_b,123,rtmpose_performance,bounded_reliability_dual_modulation,540,1.0,119.50762176513672,71.58190155029297,72.42063492063492,34.501621437105314
TS3,split_b,123,rtmpose_performance,bounded_reliability_dual_modulation,506,1.0,117.82022857666016,69.31576538085938,72.67080745341616,34.0558459773046
TS4,split_b,123,rtmpose_performance,bounded_reliability_dual_modulation,558,1.0,136.36001586914062,82.42118072509766,66.69226830517154,30.959813686140436
TS5,split_b,123,rtmpose_performance,bounded_reliability_dual_modulation,276,1.0,127.36518096923828,84.2695541381836,69.46169772256728,33.345021037868165
TS6,split_b,123,rtmpose_performance,bounded_reliability_dual_modulation,392,1.0,129.71926879882812,104.5689468383789,73.46938775510205,37.52703846515565
TS1,split_b,123,yolo11l_pose,detector_aware_observed,603,1.0,99.32489013671875,60.682437896728516,81.09452736318407,43.16818365927658
TS2,split_b,123,yolo11l_pose,detector_aware_observed,540,1.0,129.07081604003906,83.70315551757812,70.31746031746032,33.60300392558456
TS3,split_b,123,yolo11l_pose,detector_aware_observed,506,1.0,130.30857849121094,80.16759490966797,69.43817052512705,32.75760004371505
TS4,split_b,123,yolo11l_pose,detector_aware_observed,558,1.0,151.6187286376953,92.91017150878906,62.26318484383001,28.696959186033066
TS5,split_b,123,yolo11l_pose,detector_aware_observed,276,1.0,138.84498596191406,88.41455078125,66.07142857142857,31.019167835437116
TS6,split_b,123,yolo11l_pose,detector_aware_observed,392,1.0,139.95346069335938,114.36254119873047,69.56997084548105,34.19307815292016
TS1,split_b,123,yolo11l_pose,detector_conditioned_virtual_view_no_confidence,603,1.0,104.26764678955078,62.06580352783203,79.05709547500592,40.677182444154035
TS2,split_b,123,yolo11l_pose,detector_conditioned_virtual_view_no_confidence,540,1.0,135.76797485351562,82.65170288085938,67.98941798941799,30.858508277863123
TS3,split_b,123,yolo11l_pose,detector_conditioned_virtual_view_no_confidence,506,1.0,129.55145263671875,79.71249389648438,69.33935629587803,32.42928179814575
TS4,split_b,123,yolo11l_pose,detector_conditioned_virtual_view_no_confidence,558,1.0,158.56578063964844,94.1327896118164,60.26625704045059,27.585352559337995
TS5,split_b,123,yolo11l_pose,detector_conditioned_virtual_view_no_confidence,276,1.0,133.99331665039062,86.21366119384766,69.97929606625259,32.71305015694917
TS6,split_b,123,yolo11l_pose,detector_conditioned_virtual_view_no_confidence,392,1.0,128.3750457763672,105.83700561523438,72.86807580174927,37.13733189128185
TS1,split_b,123,yolo11l_pose,bounded_reliability_observed_modulation,603,1.0,101.6514663696289,61.197288513183594,79.95735607675905,41.48917471016652
TS2,split_b,123,yolo11l_pose,bounded_reliability_observed_modulation,540,1.0,134.1807403564453,85.81401824951172,68.34656084656085,31.68800136542072
TS3,split_b,123,yolo11l_pose,bounded_reliability_observed_modulation,506,1.0,128.03997802734375,78.5508804321289,69.35347261434218,32.80951166645416
TS4,split_b,123,yolo11l_pose,bounded_reliability_observed_modulation,558,1.0,149.89801025390625,90.34994506835938,62.77521761392729,29.25524007730043
TS5,split_b,123,yolo11l_pose,bounded_reliability_observed_modulation,276,1.0,148.331787109375,92.66304016113281,65.527950310559,29.623321979563205
TS6,split_b,123,yolo11l_pose,bounded_reliability_observed_modulation,392,1.0,128.55987548828125,106.62076568603516,72.21209912536443,36.21861186871062
TS1,split_b,123,yolo11l_pose,bounded_reliability_dual_modulation,603,1.0,103.16353607177734,64.078125,80.24164889836531,40.31799527707087
TS2,split_b,123,yolo11l_pose,bounded_reliability_dual_modulation,540,1.0,133.61538696289062,85.38229370117188,68.05555555555556,30.870029015190305
TS3,split_b,123,yolo11l_pose,bounded_reliability_dual_modulation,506,1.0,128.596435546875,79.05443572998047,69.00056465273856,32.29039543906305
TS4,split_b,123,yolo11l_pose,bounded_reliability_dual_modulation,558,1.0,152.643310546875,92.86381530761719,61.48233486943164,27.860363708438634
TS5,split_b,123,yolo11l_pose,bounded_reliability_dual_modulation,276,1.0,149.17669677734375,86.89968872070312,59.886128364389236,27.497829426300672
TS6,split_b,123,yolo11l_pose,bounded_reliability_dual_modulation,392,1.0,128.87322998046875,107.7747802734375,73.3600583090379,36.24329916298316
TS1,split_b,2026,rtmpose_performance,detector_aware_observed,603,1.0,90.42640686035156,58.1766242980957,85.06278133143806,46.149819260074445
TS2,split_b,2026,rtmpose_performance,detector_aware_observed,540,1.0,122.35136413574219,80.22310638427734,72.01058201058201,34.34289127837515
TS3,split_b,2026,rtmpose_performance,detector_aware_observed,506,1.0,119.27690887451172,73.07966613769531,72.24731789949182,34.20793792462796
TS4,split_b,2026,rtmpose_performance,detector_aware_observed,558,1.0,143.154052734375,86.65231323242188,63.49206349206349,29.417521431049
TS5,split_b,2026,rtmpose_performance,detector_aware_observed,276,1.0,118.5687484741211,73.14777374267578,74.43064182194618,35.05142589995325
TS6,split_b,2026,rtmpose_performance,detector_aware_observed,392,1.0,139.70230102539062,115.15560150146484,69.98906705539358,34.48462334242453
TS1,split_b,2026,rtmpose_performance,detector_conditioned_virtual_view_no_confidence,603,1.0,91.2394027709961,58.72723388671875,85.05093579720445,45.73981092998907
TS2,split_b,2026,rtmpose_performance,detector_conditioned_virtual_view_no_confidence,540,1.0,122.99251556396484,75.39227294921875,70.91269841269842,33.20148489503328
TS3,split_b,2026,rtmpose_performance,detector_conditioned_virtual_view_no_confidence,506,1.0,121.69957733154297,73.02708435058594,71.41445511010728,33.78854665670936
TS4,split_b,2026,rtmpose_performance,detector_conditioned_virtual_view_no_confidence,558,1.0,142.41900634765625,84.92015838623047,64.38812083973374,29.96713079959698
TS5,split_b,2026,rtmpose_performance,detector_conditioned_virtual_view_no_confidence,276,1.0,106.9879150390625,69.52974700927734,79.37370600414079,39.36585854538169
TS6,split_b,2026,rtmpose_performance,detector_conditioned_virtual_view_no_confidence,392,1.0,130.34690856933594,107.99576568603516,72.649416909621,36.77348819712217
TS1,split_b,2026,rtmpose_performance,bounded_reliability_observed_modulation,603,1.0,90.96224212646484,57.370357513427734,85.12200900260602,45.89685978708607
TS2,split_b,2026,rtmpose_performance,bounded_reliability_observed_modulation,540,1.0,118.7299575805664,74.32231140136719,72.44708994708995,34.61298856460147
TS3,split_b,2026,rtmpose_performance,bounded_reliability_observed_modulation,506,1.0,116.8614273071289,71.01736450195312,73.02371541501977,35.19790167756508
TS4,split_b,2026,rtmpose_performance,bounded_reliability_observed_modulation,558,1.0,136.67160034179688,85.04962158203125,66.67946748591909,31.371091620831475
TS5,split_b,2026,rtmpose_performance,bounded_reliability_observed_modulation,276,1.0,117.03600311279297,75.78491973876953,78.15734989648033,38.26220530287851
TS6,split_b,2026,rtmpose_performance,bounded_reliability_observed_modulation,392,1.0,129.85289001464844,105.28917694091797,72.92274052478133,37.581115395466945
TS1,split_b,2026,rtmpose_performance,bounded_reliability_dual_modulation,603,1.0,93.35199737548828,55.03706741333008,84.67187870172945,44.395151737472396
TS2,split_b,2026,rtmpose_performance,bounded_reliability_dual_modulation,540,1.0,119.09410858154297,72.45988464355469,73.96825396825398,33.76557433009046
TS3,split_b,2026,rtmpose_performance,bounded_reliability_dual_modulation,506,1.0,119.00816345214844,68.78459930419922,72.76962168266516,33.88235186972915
TS4,split_b,2026,rtmpose_performance,bounded_reliability_dual_modulation,558,1.0,141.13360595703125,84.3514404296875,64.74654377880185,29.28827444956477
TS5,split_b,2026,rtmpose_performance,bounded_reliability_dual_modulation,276,1.0,117.1574935913086,78.66195678710938,74.68944099378882,36.064082014292396
TS6,split_b,2026,rtmpose_performance,bounded_reliability_dual_modulation,392,1.0,127.80984497070312,104.01329803466797,72.84985422740526,37.61168061694725
TS1,split_b,2026,yolo11l_pose,detector_aware_observed,603,1.0,99.29590606689453,61.26641082763672,81.92371475953566,42.44254915896706
TS2,split_b,2026,yolo11l_pose,detector_aware_observed,540,1.0,130.2458038330078,84.17853546142578,69.07407407407408,32.72230756101724
TS3,split_b,2026,yolo11l_pose,detector_aware_observed,506,1.0,130.98472595214844,80.11319732666016,68.73235460191982,31.88512048960857
TS4,split_b,2026,yolo11l_pose,detector_aware_observed,558,1.0,153.05078125,94.50834655761719,60.76548899129545,28.071783690930413
TS5,split_b,2026,yolo11l_pose,detector_aware_observed,276,1.0,147.77145385742188,91.03730010986328,61.154244306418214,28.594803980498227
TS6,split_b,2026,yolo11l_pose,detector_aware_observed,392,1.0,140.5117645263672,117.9925308227539,68.91399416909621,34.70269444183203
TS1,split_b,2026,yolo11l_pose,detector_conditioned_virtual_view_no_confidence,603,1.0,99.33503723144531,60.5633544921875,81.8407960199005,42.209077500363016
TS2,split_b,2026,yolo11l_pose,detector_conditioned_virtual_view_no_confidence,540,1.0,134.64291381835938,86.12291717529297,67.08994708994709,31.763526199010066
TS3,split_b,2026,yolo11l_pose,detector_conditioned_virtual_view_no_confidence,506,1.0,129.36111450195312,80.01912689208984,69.01468097120271,32.2899400739513
TS4,split_b,2026,yolo11l_pose,detector_conditioned_virtual_view_no_confidence,558,1.0,157.23048400878906,93.01432037353516,60.13824884792627,28.00654080570834
TS5,split_b,2026,yolo11l_pose,detector_conditioned_virtual_view_no_confidence,276,1.0,146.41537475585938,92.98236083984375,64.33747412008282,30.32207974353837
TS6,split_b,2026,yolo11l_pose,detector_conditioned_virtual_view_no_confidence,392,1.0,132.4888916015625,109.17691040039062,70.48104956268222,35.52207749459231
TS1,split_b,2026,yolo11l_pose,bounded_reliability_observed_modulation,603,1.0,107.87287902832031,64.51020050048828,77.3276474769012,38.795270957042746
TS2,split_b,2026,yolo11l_pose,bounded_reliability_observed_modulation,540,1.0,133.0489044189453,83.8577880859375,68.55820105820106,31.00145075951527
TS3,split_b,2026,yolo11l_pose,bounded_reliability_observed_modulation,506,1.0,129.32737731933594,79.33466339111328,68.9158667419537,32.20615289338992
TS4,split_b,2026,yolo11l_pose,bounded_reliability_observed_modulation,558,1.0,148.5998992919922,90.09382629394531,61.91756272401434,28.496688304180495
TS5,split_b,2026,yolo11l_pose,bounded_reliability_observed_modulation,276,1.0,150.2419891357422,87.7310562133789,62.732919254658384,27.895211380484874
TS6,split_b,2026,yolo11l_pose,bounded_reliability_observed_modulation,392,1.0,133.07420349121094,105.08584594726562,70.20772594752187,34.028496191103166
TS1,split_b,2026,yolo11l_pose,bounded_reliability_dual_modulation,603,1.0,101.73079681396484,59.07154083251953,80.59701492537313,40.98134519415213
TS2,split_b,2026,yolo11l_pose,bounded_reliability_dual_modulation,540,1.0,134.71383666992188,80.51395416259766,67.57936507936509,30.647721454173066
TS3,split_b,2026,yolo11l_pose,bounded_reliability_dual_modulation,506,1.0,126.45846557617188,75.91331481933594,70.22868435911914,32.69430429318228
TS4,split_b,2026,yolo11l_pose,bounded_reliability_dual_modulation,558,1.0,150.24252319335938,89.8995590209961,62.26318484383001,28.39139124258791
TS5,split_b,2026,yolo11l_pose,bounded_reliability_dual_modulation,276,1.0,140.377197265625,84.84953308105469,71.71325051759835,31.924130100848195
TS6,split_b,2026,yolo11l_pose,bounded_reliability_dual_modulation,392,1.0,129.60366821289062,102.28743743896484,71.3374635568513,34.91606319947334
TS1,split_c,42,rtmpose_performance,detector_aware_observed,603,1.0,93.998291015625,59.47268295288086,83.72423596304193,44.064623120954366
TS2,split_c,42,rtmpose_performance,detector_aware_observed,540,1.0,123.89331817626953,79.1916732788086,71.03174603174604,33.3068783068783
TS3,split_c,42,rtmpose_performance,detector_aware_observed,506,1.0,121.84894561767578,72.64261627197266,70.8215697346132,33.340922751862436
TS4,split_c,42,rtmpose_performance,detector_aware_observed,558,1.0,141.12249755859375,86.91395568847656,63.73527905785971,29.618618172208176
TS5,split_c,42,rtmpose_performance,detector_aware_observed,276,1.0,113.47611999511719,70.80770874023438,76.00931677018633,36.94399919855741
TS6,split_c,42,rtmpose_performance,detector_aware_observed,392,1.0,128.64532470703125,104.40908813476562,72.77696793002916,36.98097902755572
TS1,split_c,42,rtmpose_performance,detector_conditioned_virtual_view_no_confidence,603,1.0,96.15238952636719,58.75966262817383,83.06088604596067,43.731801820391134
TS2,split_c,42,rtmpose_performance,detector_conditioned_virtual_view_no_confidence,540,1.0,125.40409851074219,81.96411895751953,70.42328042328042,32.72188086704215
TS3,split_c,42,rtmpose_performance,detector_conditioned_virtual_view_no_confidence,506,1.0,121.67967224121094,73.54833984375,71.27329192546584,33.410593613959676
TS4,split_c,42,rtmpose_performance,detector_conditioned_virtual_view_no_confidence,558,1.0,143.62045288085938,87.2860336303711,63.466461853558634,28.933567877376408
TS5,split_c,42,rtmpose_performance,detector_conditioned_virtual_view_no_confidence,276,1.0,113.12731170654297,77.1429672241211,76.94099378881988,37.6561143391438
TS6,split_c,42,rtmpose_performance,detector_conditioned_virtual_view_no_confidence,392,1.0,126.18502044677734,102.867919921875,73.15962099125365,37.30015047493651
TS1,split_c,42,rtmpose_performance,bounded_reliability_observed_modulation,603,1.0,95.80168914794922,58.59097671508789,82.77659322435443,43.34777724281816
TS2,split_c,42,rtmpose_performance,bounded_reliability_observed_modulation,540,1.0,119.96631622314453,76.55397033691406,73.17460317460316,33.71650452295613
TS3,split_c,42,rtmpose_performance,bounded_reliability_observed_modulation,506,1.0,120.97284698486328,72.511474609375,72.37436476566911,33.374619770131694
TS4,split_c,42,rtmpose_performance,bounded_reliability_observed_modulation,558,1.0,137.2497100830078,84.28819274902344,65.83461341525859,30.28756421056109
TS5,split_c,42,rtmpose_performance,bounded_reliability_observed_modulation,276,1.0,133.91468811035156,78.15278625488281,69.09937888198758,30.762038335670873
TS6,split_c,42,rtmpose_performance,bounded_reliability_observed_modulation,392,1.0,125.80628204345703,99.98273468017578,74.10714285714286,38.127762625787646
TS1,split_c,42,rtmpose_performance,bounded_reliability_dual_modulation,603,1.0,92.87994384765625,58.243751525878906,83.96114664771382,44.959916240609545
TS2,split_c,42,rtmpose_performance,bounded_reliability_dual_modulation,540,1.0,118.82872009277344,76.9428939819336,73.83597883597884,34.53661034306195
TS3,split_c,42,rtmpose_performance,bounded_reliability_dual_modulation,506,1.0,117.0033187866211,70.97921752929688,73.54601919819311,35.283965683685174
TS4,split_c,42,rtmpose_performance,bounded_reliability_dual_modulation,558,1.0,136.1471405029297,83.73178100585938,66.67946748591909,31.34466412302
TS5,split_c,42,rtmpose_performance,bounded_reliability_dual_modulation,276,1.0,119.02055358886719,78.8098373413086,75.10351966873706,36.52240699926535
TS6,split_c,42,rtmpose_performance,bounded_reliability_dual_modulation,392,1.0,125.88407897949219,101.11577606201172,73.03206997084548,37.865019279601235
TS1,split_c,42,yolo11l_pose,detector_aware_observed,603,1.0,101.75711059570312,60.862239837646484,80.39564084340203,41.36842668378537
TS2,split_c,42,yolo11l_pose,detector_aware_observed,540,1.0,133.474853515625,84.71759796142578,67.46031746031747,31.4110769755931
TS3,split_c,42,yolo11l_pose,detector_aware_observed,506,1.0,131.4268035888672,79.45863342285156,67.85714285714286,32.00715833955666
TS4,split_c,42,yolo11l_pose,detector_aware_observed,558,1.0,152.07049560546875,92.94849395751953,61.49513568868408,28.40832135837339
TS5,split_c,42,yolo11l_pose,detector_aware_observed,276,1.0,142.11917114257812,84.78388977050781,68.7111801242236,31.146897749282047
TS6,split_c,42,yolo11l_pose,detector_aware_observed,392,1.0,134.7953643798828,112.64041900634766,70.80903790087464,35.34103733659362
TS1,split_c,42,yolo11l_pose,detector_conditioned_virtual_view_no_confidence,603,1.0,107.1378402709961,64.35868072509766,78.61881070836296,39.52052334334472
TS2,split_c,42,yolo11l_pose,detector_conditioned_virtual_view_no_confidence,540,1.0,136.67767333984375,84.30960845947266,67.36772486772486,30.741594128690902
TS3,split_c,42,yolo11l_pose,detector_conditioned_virtual_view_no_confidence,506,1.0,132.4729461669922,79.23532104492188,67.57481648785996,31.227117903134737
TS4,split_c,42,yolo11l_pose,detector_conditioned_virtual_view_no_confidence,558,1.0,154.43292236328125,93.7296142578125,60.84229390681004,27.386320466445333
TS5,split_c,42,yolo11l_pose,detector_conditioned_virtual_view_no_confidence,276,1.0,142.19305419921875,95.06816101074219,69.59109730848861,32.13283911039871
TS6,split_c,42,yolo11l_pose,detector_conditioned_virtual_view_no_confidence,392,1.0,128.20123291015625,102.6474609375,74.87244897959184,36.244474748424715
TS1,split_c,42,yolo11l_pose,bounded_reliability_observed_modulation,603,1.0,101.33838653564453,61.31480407714844,80.8576166785122,41.70736180846917
TS2,split_c,42,yolo11l_pose,bounded_reliability_observed_modulation,540,1.0,134.67698669433594,86.4250717163086,67.93650793650794,31.79808841099164
TS3,split_c,42,yolo11l_pose,bounded_reliability_observed_modulation,506,1.0,128.7941436767578,78.60807800292969,69.08526256352343,32.032203420702714
TS4,split_c,42,yolo11l_pose,bounded_reliability_observed_modulation,558,1.0,148.02841186523438,90.21253967285156,62.3783922171019,28.933567877376408
TS5,split_c,42,yolo11l_pose,bounded_reliability_observed_modulation,276,1.0,148.95632934570312,90.43098449707031,63.76811594202898,29.673412141855337
TS6,split_c,42,yolo11l_pose,bounded_reliability_observed_modulation,392,1.0,126.8866195678711,101.16661071777344,72.97740524781341,35.500329163923624
TS1,split_c,42,yolo11l_pose,bounded_reliability_dual_modulation,603,1.0,100.81536102294922,60.3269157409668,80.77469793887704,41.413898250682074
TS2,split_c,42,yolo11l_pose,bounded_reliability_dual_modulation,540,1.0,129.77859497070312,82.16092681884766,69.81481481481482,32.654036525004265
TS3,split_c,42,yolo11l_pose,bounded_reliability_dual_modulation,506,1.0,126.5898666381836,76.54766845703125,70.12987012987013,33.30995792426367
TS4,split_c,42,yolo11l_pose,bounded_reliability_dual_modulation,558,1.0,145.44662475585938,90.64035034179688,64.23451100870456,29.72019886692103
TS5,split_c,42,yolo11l_pose,bounded_reliability_dual_modulation,276,1.0,150.85281372070312,93.07829284667969,65.32091097308489,28.626527749949908
TS6,split_c,42,yolo11l_pose,bounded_reliability_dual_modulation,392,1.0,129.59695434570312,100.52193450927734,70.79081632653062,34.958384275369134
TS1,split_c,123,rtmpose_performance,detector_aware_observed,603,1.0,92.755126953125,60.00480651855469,83.30964226486614,45.227778159891784
TS2,split_c,123,rtmpose_performance,detector_aware_observed,540,1.0,123.49397277832031,79.81626892089844,71.01851851851852,33.29493087557604
TS3,split_c,123,rtmpose_performance,detector_aware_observed,506,1.0,124.23194885253906,75.53584289550781,69.88989271597967,32.84093185916467
TS4,split_c,123,rtmpose_performance,detector_aware_observed,558,1.0,144.8974609375,89.2828598022461,64.36251920122888,28.85056901706225
TS5,split_c,123,rtmpose_performance,detector_aware_observed,276,1.0,122.58101654052734,78.47572326660156,71.2215320910973,34.10054765244105
TS6,split_c,123,rtmpose_performance,detector_aware_observed,392,1.0,128.97640991210938,108.95686340332031,72.79518950437318,37.92614972256183
TS1,split_c,123,rtmpose_performance,detector_conditioned_virtual_view_no_confidence,603,1.0,96.72453308105469,61.9674072265625,81.94740582800284,43.81319210399616
TS2,split_c,123,rtmpose_performance,detector_conditioned_virtual_view_no_confidence,540,1.0,121.6275405883789,78.19831085205078,72.10317460317461,34.06169994879672
TS3,split_c,123,rtmpose_performance,detector_conditioned_virtual_view_no_confidence,506,1.0,125.4975814819336,75.4273910522461,68.92998306041784,32.425638877251785
TS4,split_c,123,rtmpose_performance,detector_conditioned_virtual_view_no_confidence,558,1.0,147.6112060546875,87.93961334228516,62.22478238607271,27.746808053779954
TS5,split_c,123,rtmpose_performance,detector_conditioned_virtual_view_no_confidence,276,1.0,106.05358123779297,73.92022705078125,80.04658385093167,39.99699459026246
TS6,split_c,123,rtmpose_performance,detector_conditioned_virtual_view_no_confidence,392,1.0,127.72392272949219,104.11349487304688,73.79737609329446,36.93278002445218
TS1,split_c,123,rtmpose_performance,bounded_reliability_observed_modulation,603,1.0,95.3521499633789,57.84335708618164,83.16749585406302,43.17085845732933
TS2,split_c,123,rtmpose_performance,bounded_reliability_observed_modulation,540,1.0,121.89330291748047,75.7495346069336,72.42063492063492,33.542840075098134
TS3,split_c,123,rtmpose_performance,bounded_reliability_observed_modulation,506,1.0,123.02489471435547,71.23690795898438,70.56747600225862,32.26580572302872
TS4,split_c,123,rtmpose_performance,bounded_reliability_observed_modulation,558,1.0,141.566650390625,83.247802734375,63.351254480286734,29.095023371818375
TS5,split_c,123,rtmpose_performance,bounded_reliability_observed_modulation,276,1.0,122.17536926269531,74.52435302734375,72.51552795031056,33.18306284645696
TS6,split_c,123,rtmpose_performance,bounded_reliability_observed_modulation,392,1.0,125.48870086669922,105.99462127685547,75.10932944606414,39.631924198250736
TS1,split_c,123,rtmpose_performance,bounded_reliability_dual_modulation,603,1.0,94.53239440917969,56.621402740478516,83.04904051172709,44.1666475609663
TS2,split_c,123,rtmpose_performance,bounded_reliability_dual_modulation,540,1.0,121.22953033447266,73.8150405883789,71.78571428571429,33.23690049496501
TS3,split_c,123,rtmpose_performance,bounded_reliability_dual_modulation,506,1.0,123.01802825927734,72.7381362915039,71.1321287408244,32.90012932369174
TS4,split_c,123,rtmpose_performance,bounded_reliability_dual_modulation,558,1.0,140.89266967773438,85.13623046875,64.43932411674346,29.32089589217581
TS5,split_c,123,rtmpose_performance,bounded_reliability_dual_modulation,276,1.0,117.9733657836914,79.29297637939453,73.55072463768117,34.77008615507914
TS6,split_c,123,rtmpose_performance,bounded_reliability_dual_modulation,392,1.0,132.29855346679688,110.36697387695312,72.44897959183673,38.08838051349573
TS1,split_c,123,yolo11l_pose,detector_aware_observed,603,1.0,104.98341369628906,62.55101013183594,78.29898128405591,40.5445888835393
TS2,split_c,123,yolo11l_pose,detector_aware_observed,540,1.0,126.14234161376953,83.8097915649414,70.74074074074073,34.15429254138932
TS3,split_c,123,yolo11l_pose,detector_aware_observed,506,1.0,132.82322692871094,80.81490325927734,67.85714285714286,31.880566838491102
TS4,split_c,123,yolo11l_pose,detector_aware_observed,558,1.0,152.1646728515625,92.6321029663086,60.65028161802355,28.286094180995324
TS5,split_c,123,yolo11l_pose,detector_aware_observed,276,1.0,133.0411834716797,86.04216766357422,70.05693581780538,33.8768115942029
TS6,split_c,123,yolo11l_pose,detector_aware_observed,392,1.0,138.74362182617188,111.03948211669922,70.1530612244898,33.301984388225335
TS1,split_c,123,yolo11l_pose,detector_conditioned_virtual_view_no_confidence,603,1.0,103.8079605102539,65.66735076904297,79.34138829661218,41.30041039044409
TS2,split_c,123,yolo11l_pose,detector_conditioned_virtual_view_no_confidence,540,1.0,137.04734802246094,88.23400115966797,66.08465608465607,30.442481652159074
TS3,split_c,123,yolo11l_pose,detector_conditioned_virtual_view_no_confidence,506,1.0,134.459228515625,83.28827667236328,66.50197628458498,31.001256807708415
TS4,split_c,123,yolo11l_pose,detector_conditioned_virtual_view_no_confidence,558,1.0,153.76809692382812,95.53558349609375,61.21351766513057,27.189765951472506
TS5,split_c,123,yolo11l_pose,detector_conditioned_virtual_view_no_confidence,276,1.0,142.3014373779297,87.94149780273438,66.69254658385093,28.903693314633006
TS6,split_c,123,yolo11l_pose,detector_conditioned_virtual_view_no_confidence,392,1.0,137.93711853027344,114.11949157714844,71.15524781341108,34.22893350888743
TS1,split_c,123,yolo11l_pose,bounded_reliability_observed_modulation,603,1.0,100.8253402709961,61.639564514160156,81.4380478559583,42.27059785557619
TS2,split_c,123,yolo11l_pose,bounded_reliability_observed_modulation,540,1.0,133.08436584472656,87.4919662475586,68.69047619047619,32.70523980201399
TS3,split_c,123,yolo11l_pose,bounded_reliability_observed_modulation,506,1.0,125.56622314453125,77.75489807128906,70.28514963297572,33.62188302581009
TS4,split_c,123,yolo11l_pose,bounded_reliability_observed_modulation,558,1.0,146.1617431640625,90.48760986328125,64.15770609318996,29.83829674776605
TS5,split_c,123,yolo11l_pose,bounded_reliability_observed_modulation,276,1.0,146.86830139160156,92.08761596679688,65.57971014492753,31.080110866225873
TS6,split_c,123,yolo11l_pose,bounded_reliability_observed_modulation,392,1.0,132.02163696289062,105.60137939453125,69.7704081632653,34.77499294648735
TS1,split_c,123,yolo11l_pose,bounded_reliability_dual_modulation,603,1.0,101.92198944091797,61.17767333984375,80.94053541814736,41.727613850868536
TS2,split_c,123,yolo11l_pose,bounded_reliability_dual_modulation,540,1.0,132.2594757080078,84.8080062866211,68.58465608465607,31.263867554190135
TS3,split_c,123,yolo11l_pose,bounded_reliability_dual_modulation,506,1.0,129.82447814941406,79.80960845947266,68.06888763410502,31.858709313127264
TS4,split_c,123,yolo11l_pose,bounded_reliability_dual_modulation,558,1.0,149.1359405517578,92.55907440185547,62.67281105990783,28.70686949771237
TS5,split_c,123,yolo11l_pose,bounded_reliability_dual_modulation,276,1.0,141.23602294921875,93.01774597167969,69.72049689440993,30.58338342349563
TS6,split_c,123,yolo11l_pose,bounded_reliability_dual_modulation,392,1.0,133.83204650878906,105.90324401855469,72.2667638483965,33.12505877927208
TS1,split_c,2026,rtmpose_performance,detector_aware_observed,603,1.0,91.18687438964844,58.217037200927734,84.19805733238569,46.185737976782754
TS2,split_c,2026,rtmpose_performance,detector_aware_observed,540,1.0,120.90044403076172,76.55270385742188,71.82539682539682,34.20933606417478
TS3,split_c,2026,rtmpose_performance,detector_aware_observed,506,1.0,119.25993347167969,72.65459442138672,72.34613212874082,34.045372579734426
TS4,split_c,2026,rtmpose_performance,detector_aware_observed,558,1.0,140.72921752929688,88.20157623291016,64.0937019969278,29.179673950745755
TS5,split_c,2026,rtmpose_performance,detector_aware_observed,276,1.0,115.2741470336914,74.49554443359375,77.27743271221532,38.638716356107665
TS6,split_c,2026,rtmpose_performance,detector_aware_observed,392,1.0,126.4145736694336,106.56590270996094,75.09110787172013,38.22651180287784
TS1,split_c,2026,rtmpose_performance,detector_conditioned_virtual_view_no_confidence,603,1.0,100.36444091796875,61.72909927368164,81.2248282397536,41.61794713070592
TS2,split_c,2026,rtmpose_performance,detector_conditioned_virtual_view_no_confidence,540,1.0,126.10297393798828,80.923583984375,69.88095238095238,31.987540535927632
TS3,split_c,2026,rtmpose_performance,detector_conditioned_virtual_view_no_confidence,506,1.0,124.64017486572266,73.3333511352539,69.8051948051948,32.56133768055226
TS4,split_c,2026,rtmpose_performance,detector_conditioned_virtual_view_no_confidence,558,1.0,144.02297973632812,87.17786407470703,63.684075780849966,28.446723816130685
TS5,split_c,2026,rtmpose_performance,detector_conditioned_virtual_view_no_confidence,276,1.0,111.5795669555664,76.1053466796875,80.59006211180125,38.30979095705604
TS6,split_c,2026,rtmpose_performance,detector_conditioned_virtual_view_no_confidence,392,1.0,133.39862060546875,106.4774169921875,72.37609329446065,34.09139001222608
TS1,split_c,2026,rtmpose_performance,bounded_reliability_observed_modulation,603,1.0,94.1343765258789,59.8729133605957,83.28595119639895,44.38445254526141
TS2,split_c,2026,rtmpose_performance,bounded_reliability_observed_modulation,540,1.0,118.78680419921875,74.8079605102539,72.65873015873015,34.61640211640212
TS3,split_c,2026,rtmpose_performance,bounded_reliability_observed_modulation,506,1.0,121.2747573852539,74.0748291015625,71.40033879164314,33.864592630371035
TS4,split_c,2026,rtmpose_performance,bounded_reliability_observed_modulation,558,1.0,137.205810546875,84.45088195800781,65.847414234511,30.5307797763573
TS5,split_c,2026,rtmpose_performance,bounded_reliability_observed_modulation,276,1.0,123.31830596923828,76.2174072265625,72.87784679089026,33.426000133573766
TS6,split_c,2026,rtmpose_performance,bounded_reliability_observed_modulation,392,1.0,131.6294403076172,110.57263946533203,73.57871720116617,37.361868710617884
TS1,split_c,2026,rtmpose_performance,bounded_reliability_dual_modulation,603,1.0,98.232177734375,60.77378845214844,82.06586117033878,42.69589074596297
TS2,split_c,2026,rtmpose_performance,bounded_reliability_dual_modulation,540,1.0,123.73015594482422,76.60014343261719,71.34920634920636,32.784178187403995
TS3,split_c,2026,rtmpose_performance,bounded_reliability_dual_modulation,506,1.0,119.42411804199219,70.78795623779297,72.03557312252964,34.04400648439919
TS4,split_c,2026,rtmpose_performance,bounded_reliability_dual_modulation,558,1.0,139.3555450439453,83.64220428466797,64.34971838197644,29.095849231124987
TS5,split_c,2026,rtmpose_performance,bounded_reliability_dual_modulation,276,1.0,114.48155212402344,78.17019653320312,77.22567287784679,37.98086555800441
TS6,split_c,2026,rtmpose_performance,bounded_reliability_dual_modulation,392,1.0,127.99209594726562,105.25816345214844,73.48760932944607,37.04328505595787
TS1,split_c,2026,yolo11l_pose,detector_aware_observed,603,1.0,100.23487091064453,61.50000762939453,80.62070599384032,43.012281144202184
TS2,split_c,2026,yolo11l_pose,detector_aware_observed,540,1.0,126.9531478881836,84.16288757324219,70.74074074074073,34.0732206861239
TS3,split_c,2026,yolo11l_pose,detector_aware_observed,506,1.0,128.5237274169922,78.81470489501953,68.83116883116884,33.189741534762575
TS4,split_c,2026,yolo11l_pose,detector_aware_observed,558,1.0,150.31524658203125,92.88754272460938,62.46799795186892,29.258543514526863
TS5,split_c,2026,yolo11l_pose,detector_aware_observed,276,1.0,141.74859619140625,92.81238555908203,66.01966873706004,30.6518399786282
TS6,split_c,2026,yolo11l_pose,detector_aware_observed,392,1.0,134.52615356445312,113.16718292236328,72.79518950437318,36.648876140317874
TS1,split_c,2026,yolo11l_pose,detector_conditioned_virtual_view_no_confidence,603,1.0,103.24617004394531,61.70759201049805,79.72044539208719,41.440264117202005
TS2,split_c,2026,yolo11l_pose,detector_conditioned_virtual_view_no_confidence,540,1.0,137.58799743652344,85.59562683105469,66.30952380952381,30.574756784434204
TS3,split_c,2026,yolo11l_pose,detector_conditioned_virtual_view_no_confidence,506,1.0,130.7606964111328,79.68254089355469,68.52060982495765,32.36370922205424
TS4,split_c,2026,yolo11l_pose,detector_conditioned_virtual_view_no_confidence,558,1.0,151.63153076171875,92.5859603881836,62.35279057859703,28.51527013857919
TS5,split_c,2026,yolo11l_pose,detector_conditioned_virtual_view_no_confidence,276,1.0,129.4406280517578,87.21253967285156,72.10144927536231,35.68506645294864
TS6,split_c,2026,yolo11l_pose,detector_conditioned_virtual_view_no_confidence,392,1.0,129.82318115234375,105.54557800292969,71.75655976676384,35.43038183015141
TS1,split_c,2026,yolo11l_pose,bounded_reliability_observed_modulation,603,1.0,99.3600082397461,60.1063346862793,81.62757640369581,42.61067932228259
TS2,split_c,2026,yolo11l_pose,bounded_reliability_observed_modulation,540,1.0,129.7841033935547,84.4900131225586,70.03968253968253,32.97704386414063
TS3,split_c,2026,yolo11l_pose,bounded_reliability_observed_modulation,506,1.0,128.9585723876953,78.98463439941406,69.49463579898362,32.94930875576036
TS4,split_c,2026,yolo11l_pose,bounded_reliability_observed_modulation,558,1.0,149.427734375,91.93531036376953,63.12083973374296,28.97444791305353
TS5,split_c,2026,yolo11l_pose,bounded_reliability_observed_modulation,276,1.0,150.8415985107422,92.1277084350586,64.25983436853002,29.811160088158683
TS6,split_c,2026,yolo11l_pose,bounded_reliability_observed_modulation,392,1.0,130.1160888671875,107.40895080566406,70.97303206997084,36.086946299257036
TS1,split_c,2026,yolo11l_pose,bounded_reliability_dual_modulation,603,1.0,102.06822967529297,61.290252685546875,80.43117744610282,40.86594676387647
TS2,split_c,2026,yolo11l_pose,bounded_reliability_dual_modulation,540,1.0,132.05503845214844,83.87726593017578,69.27248677248677,32.04983785628947
TS3,split_c,2026,yolo11l_pose,bounded_reliability_dual_modulation,506,1.0,129.774169921875,77.37012481689453,68.71823828345568,31.659714759294
TS4,split_c,2026,yolo11l_pose,bounded_reliability_dual_modulation,558,1.0,148.24578857421875,91.45606994628906,62.44239631336406,27.975571081710516
TS5,split_c,2026,yolo11l_pose,bounded_reliability_dual_modulation,276,1.0,145.0211639404297,92.09934997558594,67.33954451345755,29.903826888399117
TS6,split_c,2026,yolo11l_pose,bounded_reliability_dual_modulation,392,1.0,138.0811767578125,104.9787826538086,67.03717201166181,32.103475030565214
