split,seed,detector,arm,checkpoint,sha256,report
split_a,42,rtmpose_performance,detector_aware_observed,D:\Research\vv_pose_project\outputs\phase9c_r1d_locked_full_confirmation\split_a\seed42\detector_aware_observed\train_rtmpose_performance\best.pt,25db846f7c023fe93ebe9bb05f4a72d347c185d6db3fe0428d23c1f8437b0762,D:\Research\vv_pose_project\outputs\phase9c_r1d_locked_full_confirmation\split_a\seed42\detector_aware_observed\train_rtmpose_performance\phase9c_r1d_run_report.json
split_a,42,rtmpose_performance,detector_conditioned_virtual_view_no_confidence,D:\Research\vv_pose_project\outputs\phase9c_r1d_locked_full_confirmation\split_a\seed42\detector_conditioned_virtual_view_no_confidence\train_rtmpose_performance\best.pt,62375b1f9d86a313a9989bb618dd25f7eaaed9de55417c8a336925c3dfa7d128,D:\Research\vv_pose_project\outputs\phase9c_r1d_locked_full_confirmation\split_a\seed42\detector_conditioned_virtual_view_no_confidence\train_rtmpose_performance\phase9c_r1d_run_report.json
split_a,42,rtmpose_performance,bounded_reliability_observed_modulation,D:\Research\vv_pose_project\outputs\phase9c_r1e_synergy_attribution\split_a\seed42\bounded_reliability_observed_modulation\train_rtmpose_performance\best.pt,62b385dc0ec4f7679a053cdcca5d37fe21bc3ba055609b769c92a7e2ccdf2106,D:\Research\vv_pose_project\outputs\phase9c_r1e_synergy_attribution\split_a\seed42\bounded_reliability_observed_modulation\train_rtmpose_performance\phase9c_r1e_run_report.json
split_a,42,rtmpose_performance,bounded_reliability_dual_modulation,D:\Research\vv_pose_project\outputs\phase9c_r1d_locked_full_confirmation\split_a\seed42\bounded_reliability_dual_modulation\train_rtmpose_performance\best.pt,2864084fb9f3e34fa7fc4fa8938e7a5deaa40756b3b002a3a5e5fda0c8b4f522,D:\Research\vv_pose_project\outputs\phase9c_r1d_locked_full_confirmation\split_a\seed42\bounded_reliability_dual_modulation\train_rtmpose_performance\phase9c_r1d_run_report.json
split_a,42,yolo11l_pose,detector_aware_observed,D:\Research\vv_pose_project\outputs\phase9c_r1d_locked_full_confirmation\split_a\seed42\detector_aware_observed\train_yolo11l_pose\best.pt,75f806b8592a334eff011d4c9575db13f2ee38c87314866acfde4b9e2beea5f9,D:\Research\vv_pose_project\outputs\phase9c_r1d_locked_full_confirmation\split_a\seed42\detector_aware_observed\train_yolo11l_pose\phase9c_r1d_run_report.json
split_a,42,yolo11l_pose,detector_conditioned_virtual_view_no_confidence,D:\Research\vv_pose_project\outputs\phase9c_r1d_locked_full_confirmation\split_a\seed42\detector_conditioned_virtual_view_no_confidence\train_yolo11l_pose\best.pt,350d29594818cc1ed9f35122a7690b9cd76912973054b1f153a08c72a87349c9,D:\Research\vv_pose_project\outputs\phase9c_r1d_locked_full_confirmation\split_a\seed42\detector_conditioned_virtual_view_no_confidence\train_yolo11l_pose\phase9c_r1d_run_report.json
split_a,42,yolo11l_pose,bounded_reliability_observed_modulation,D:\Research\vv_pose_project\outputs\phase9c_r1e_synergy_attribution\split_a\seed42\bounded_reliability_observed_modulation\train_yolo11l_pose\best.pt,010f4f3d2baccb2d7e53758ca169b0205a0ff6b35cb36d4448ab69a391cefee4,D:\Research\vv_pose_project\outputs\phase9c_r1e_synergy_attribution\split_a\seed42\bounded_reliability_observed_modulation\train_yolo11l_pose\phase9c_r1e_run_report.json
split_a,42,yolo11l_pose,bounded_reliability_dual_modulation,D:\Research\vv_pose_project\outputs\phase9c_r1d_locked_full_confirmation\split_a\seed42\bounded_reliability_dual_modulation\train_yolo11l_pose\best.pt,c7d68daedcb897d9b2bf05ffdd6359f0160dbceef46eb501d10ee1b1ebfee8bd,D:\Research\vv_pose_project\outputs\phase9c_r1d_locked_full_confirmation\split_a\seed42\bounded_reliability_dual_modulation\train_yolo11l_pose\phase9c_r1d_run_report.json
split_a,123,rtmpose_performance,detector_aware_observed,D:\Research\vv_pose_project\outputs\phase9c_r1d_locked_full_confirmation\split_a\seed123\detector_aware_observed\train_rtmpose_performance\best.pt,b650ff7bd6a3384d3ffa0836654e222931b7b3de1d428b1206d2404845350263,D:\Research\vv_pose_project\outputs\phase9c_r1d_locked_full_confirmation\split_a\seed123\detector_aware_observed\train_rtmpose_performance\phase9c_r1d_run_report.json
split_a,123,rtmpose_performance,detector_conditioned_virtual_view_no_confidence,D:\Research\vv_pose_project\outputs\phase9c_r1d_locked_full_confirmation\split_a\seed123\detector_conditioned_virtual_view_no_confidence\train_rtmpose_performance\best.pt,164b7263e39870346fa2b26c85f2e0138e2318441edaa93f8622c04599b1d379,D:\Research\vv_pose_project\outputs\phase9c_r1d_locked_full_confirmation\split_a\seed123\detector_conditioned_virtual_view_no_confidence\train_rtmpose_performance\phase9c_r1d_run_report.json
split_a,123,rtmpose_performance,bounded_reliability_observed_modulation,D:\Research\vv_pose_project\outputs\phase9c_r1e_synergy_attribution\split_a\seed123\bounded_reliability_observed_modulation\train_rtmpose_performance\best.pt,f220579d3dc10042629d81bfcab74df0da1df12d3cd065e0c1dc22ffb09e9e33,D:\Research\vv_pose_project\outputs\phase9c_r1e_synergy_attribution\split_a\seed123\bounded_reliability_observed_modulation\train_rtmpose_performance\phase9c_r1e_run_report.json
split_a,123,rtmpose_performance,bounded_reliability_dual_modulation,D:\Research\vv_pose_project\outputs\phase9c_r1d_locked_full_confirmation\split_a\seed123\bounded_reliability_dual_modulation\train_rtmpose_performance\best.pt,16f8ade67f502320ba631bd987ee62da94b097a90c061bdd88b9092fed9cb03c,D:\Research\vv_pose_project\outputs\phase9c_r1d_locked_full_confirmation\split_a\seed123\bounded_reliability_dual_modulation\train_rtmpose_performance\phase9c_r1d_run_report.json
split_a,123,yolo11l_pose,detector_aware_observed,D:\Research\vv_pose_project\outputs\phase9c_r1d_locked_full_confirmation\split_a\seed123\detector_aware_observed\train_yolo11l_pose\best.pt,48eb93b5fd39dedebe0e63402f4148ce4e9aac8d3c14a9b7c999954f574f5035,D:\Research\vv_pose_project\outputs\phase9c_r1d_locked_full_confirmation\split_a\seed123\detector_aware_observed\train_yolo11l_pose\phase9c_r1d_run_report.json
split_a,123,yolo11l_pose,detector_conditioned_virtual_view_no_confidence,D:\Research\vv_pose_project\outputs\phase9c_r1d_locked_full_confirmation\split_a\seed123\detector_conditioned_virtual_view_no_confidence\train_yolo11l_pose\best.pt,0d1546bc829b05269c5d2537431df7fa5c9dd54f1fe1b7ac3335ffc8bf1f4d07,D:\Research\vv_pose_project\outputs\phase9c_r1d_locked_full_confirmation\split_a\seed123\detector_conditioned_virtual_view_no_confidence\train_yolo11l_pose\phase9c_r1d_run_report.json
split_a,123,yolo11l_pose,bounded_reliability_observed_modulation,D:\Research\vv_pose_project\outputs\phase9c_r1e_synergy_attribution\split_a\seed123\bounded_reliability_observed_modulation\train_yolo11l_pose\best.pt,ce06faf3dc9cdd7394e0518fa0e80d72292c325bcf0ac08fe935d1c0efcc1d47,D:\Research\vv_pose_project\outputs\phase9c_r1e_synergy_attribution\split_a\seed123\bounded_reliability_observed_modulation\train_yolo11l_pose\phase9c_r1e_run_report.json
split_a,123,yolo11l_pose,bounded_reliability_dual_modulation,D:\Research\vv_pose_project\outputs\phase9c_r1d_locked_full_confirmation\split_a\seed123\bounded_reliability_dual_modulation\train_yolo11l_pose\best.pt,5465748e7cd5d89e18a2cee0e17e33cbe92c31b9562395f27d1366110514aaf1,D:\Research\vv_pose_project\outputs\phase9c_r1d_locked_full_confirmation\split_a\seed123\bounded_reliability_dual_modulation\train_yolo11l_pose\phase9c_r1d_run_report.json
split_a,2026,rtmpose_performance,detector_aware_observed,D:\Research\vv_pose_project\outputs\phase9c_r1d_locked_full_confirmation\split_a\seed2026\detector_aware_observed\train_rtmpose_performance\best.pt,ce79666bbcc9fdee4f57b4b55edf83d923dcc2e4795d8e0047f5ad531baabc0d,D:\Research\vv_pose_project\outputs\phase9c_r1d_locked_full_confirmation\split_a\seed2026\detector_aware_observed\train_rtmpose_performance\phase9c_r1d_run_report.json
split_a,2026,rtmpose_performance,detector_conditioned_virtual_view_no_confidence,D:\Research\vv_pose_project\outputs\phase9c_r1d_locked_full_confirmation\split_a\seed2026\detector_conditioned_virtual_view_no_confidence\train_rtmpose_performance\best.pt,afd58056b48b9e852796be88cdc20dc82e5c6637afb20426c362b6e652f93ddb,D:\Research\vv_pose_project\outputs\phase9c_r1d_locked_full_confirmation\split_a\seed2026\detector_conditioned_virtual_view_no_confidence\train_rtmpose_performance\phase9c_r1d_run_report.json
split_a,2026,rtmpose_performance,bounded_reliability_observed_modulation,D:\Research\vv_pose_project\outputs\phase9c_r1e_synergy_attribution\split_a\seed2026\bounded_reliability_observed_modulation\train_rtmpose_performance\best.pt,f7010679632137f922dd88bf35a9cda0ef2e13978f6014ec48e3f9dc2d2a0d53,D:\Research\vv_pose_project\outputs\phase9c_r1e_synergy_attribution\split_a\seed2026\bounded_reliability_observed_modulation\train_rtmpose_performance\phase9c_r1e_run_report.json
split_a,2026,rtmpose_performance,bounded_reliability_dual_modulation,D:\Research\vv_pose_project\outputs\phase9c_r1d_locked_full_confirmation\split_a\seed2026\bounded_reliability_dual_modulation\train_rtmpose_performance\best.pt,caa668776e19eb58af2cf3830889ab7694f1c26b37ace10bfdf4d4d18f9f78bd,D:\Research\vv_pose_project\outputs\phase9c_r1d_locked_full_confirmation\split_a\seed2026\bounded_reliability_dual_modulation\train_rtmpose_performance\phase9c_r1d_run_report.json
split_a,2026,yolo11l_pose,detector_aware_observed,D:\Research\vv_pose_project\outputs\phase9c_r1d_locked_full_confirmation\split_a\seed2026\detector_aware_observed\train_yolo11l_pose\best.pt,209ed56c481ef9964b999d5b4529c4593738884aba7305a0e76a7333883986e9,D:\Research\vv_pose_project\outputs\phase9c_r1d_locked_full_confirmation\split_a\seed2026\detector_aware_observed\train_yolo11l_pose\phase9c_r1d_run_report.json
split_a,2026,yolo11l_pose,detector_conditioned_virtual_view_no_confidence,D:\Research\vv_pose_project\outputs\phase9c_r1d_locked_full_confirmation\split_a\seed2026\detector_conditioned_virtual_view_no_confidence\train_yolo11l_pose\best.pt,fa22cf160be5560538a81ce2ded4dd1be276aa63fa5c0fe235e41eea623ee298,D:\Research\vv_pose_project\outputs\phase9c_r1d_locked_full_confirmation\split_a\seed2026\detector_conditioned_virtual_view_no_confidence\train_yolo11l_pose\phase9c_r1d_run_report.json
split_a,2026,yolo11l_pose,bounded_reliability_observed_modulation,D:\Research\vv_pose_project\outputs\phase9c_r1e_synergy_attribution\split_a\seed2026\bounded_reliability_observed_modulation\train_yolo11l_pose\best.pt,b45919dee45cf20338acd56a3a8f7005ad98b09675278ff4bde8e046bdf043f2,D:\Research\vv_pose_project\outputs\phase9c_r1e_synergy_attribution\split_a\seed2026\bounded_reliability_observed_modulation\train_yolo11l_pose\phase9c_r1e_run_report.json
split_a,2026,yolo11l_pose,bounded_reliability_dual_modulation,D:\Research\vv_pose_project\outputs\phase9c_r1d_locked_full_confirmation\split_a\seed2026\bounded_reliability_dual_modulation\train_yolo11l_pose\best.pt,a3e197bd6e564e6740f3713cbc3cb2cf0de00fe1cc9e3bcfe7bfb4d815b71fd1,D:\Research\vv_pose_project\outputs\phase9c_r1d_locked_full_confirmation\split_a\seed2026\bounded_reliability_dual_modulation\train_yolo11l_pose\phase9c_r1d_run_report.json
split_b,42,rtmpose_performance,detector_aware_observed,D:\Research\vv_pose_project\outputs\phase9c_r1d_locked_full_confirmation\split_b\seed42\detector_aware_observed\train_rtmpose_performance\best.pt,0894a30cdf99411ca254825f07b2af7575a19aaba923fcba92ecf8478b86d158,D:\Research\vv_pose_project\outputs\phase9c_r1d_locked_full_confirmation\split_b\seed42\detector_aware_observed\train_rtmpose_performance\phase9c_r1d_run_report.json
split_b,42,rtmpose_performance,detector_conditioned_virtual_view_no_confidence,D:\Research\vv_pose_project\outputs\phase9c_r1d_locked_full_confirmation\split_b\seed42\detector_conditioned_virtual_view_no_confidence\train_rtmpose_performance\best.pt,6963e8edcd5b83efcdb337bf3d3e6a97e7e91cede4bddb32c38e17742e45a55f,D:\Research\vv_pose_project\outputs\phase9c_r1d_locked_full_confirmation\split_b\seed42\detector_conditioned_virtual_view_no_confidence\train_rtmpose_performance\phase9c_r1d_run_report.json
split_b,42,rtmpose_performance,bounded_reliability_observed_modulation,D:\Research\vv_pose_project\outputs\phase9c_r1e_synergy_attribution\split_b\seed42\bounded_reliability_observed_modulation\train_rtmpose_performance\best.pt,5c01673e506e02193acab40e588294a8f4563df394a2eebcc3177c1522099116,D:\Research\vv_pose_project\outputs\phase9c_r1e_synergy_attribution\split_b\seed42\bounded_reliability_observed_modulation\train_rtmpose_performance\phase9c_r1e_run_report.json
split_b,42,rtmpose_performance,bounded_reliability_dual_modulation,D:\Research\vv_pose_project\outputs\phase9c_r1d_locked_full_confirmation\split_b\seed42\bounded_reliability_dual_modulation\train_rtmpose_performance\best.pt,2c795f1edd87b3b1444c07b3448e1ea6f7b5066699c2bac0d409c3b27cff5d60,D:\Research\vv_pose_project\outputs\phase9c_r1d_locked_full_confirmation\split_b\seed42\bounded_reliability_dual_modulation\train_rtmpose_performance\phase9c_r1d_run_report.json
split_b,42,yolo11l_pose,detector_aware_observed,D:\Research\vv_pose_project\outputs\phase9c_r1d_locked_full_confirmation\split_b\seed42\detector_aware_observed\train_yolo11l_pose\best.pt,1f0a250a4f98d5d0b1692f87d782e2330165d99aa9216ee64456c0fb9123876f,D:\Research\vv_pose_project\outputs\phase9c_r1d_locked_full_confirmation\split_b\seed42\detector_aware_observed\train_yolo11l_pose\phase9c_r1d_run_report.json
split_b,42,yolo11l_pose,detector_conditioned_virtual_view_no_confidence,D:\Research\vv_pose_project\outputs\phase9c_r1d_locked_full_confirmation\split_b\seed42\detector_conditioned_virtual_view_no_confidence\train_yolo11l_pose\best.pt,9b689a264a9644912d2c4c69fd47d1475869f2bac21e02a37fbf9149999c7d3a,D:\Research\vv_pose_project\outputs\phase9c_r1d_locked_full_confirmation\split_b\seed42\detector_conditioned_virtual_view_no_confidence\train_yolo11l_pose\phase9c_r1d_run_report.json
split_b,42,yolo11l_pose,bounded_reliability_observed_modulation,D:\Research\vv_pose_project\outputs\phase9c_r1e_synergy_attribution\split_b\seed42\bounded_reliability_observed_modulation\train_yolo11l_pose\best.pt,48583832925e7cf86895173e2083f4c103438f01a4f5efdcb8074c786d6b0bbc,D:\Research\vv_pose_project\outputs\phase9c_r1e_synergy_attribution\split_b\seed42\bounded_reliability_observed_modulation\train_yolo11l_pose\phase9c_r1e_run_report.json
split_b,42,yolo11l_pose,bounded_reliability_dual_modulation,D:\Research\vv_pose_project\outputs\phase9c_r1d_locked_full_confirmation\split_b\seed42\bounded_reliability_dual_modulation\train_yolo11l_pose\best.pt,e2556e9f94faaee67f6ea2b140a9a80b7d2b5a1e9d090e5866f70326d8021091,D:\Research\vv_pose_project\outputs\phase9c_r1d_locked_full_confirmation\split_b\seed42\bounded_reliability_dual_modulation\train_yolo11l_pose\phase9c_r1d_run_report.json
split_b,123,rtmpose_performance,detector_aware_observed,D:\Research\vv_pose_project\outputs\phase9c_r1d_locked_full_confirmation\split_b\seed123\detector_aware_observed\train_rtmpose_performance\best.pt,0f849feb92ebee2af49a5cc2c24daf815f4b8f6063ecec079b34b2a48d9ac0a5,D:\Research\vv_pose_project\outputs\phase9c_r1d_locked_full_confirmation\split_b\seed123\detector_aware_observed\train_rtmpose_performance\phase9c_r1d_run_report.json
split_b,123,rtmpose_performance,detector_conditioned_virtual_view_no_confidence,D:\Research\vv_pose_project\outputs\phase9c_r1d_locked_full_confirmation\split_b\seed123\detector_conditioned_virtual_view_no_confidence\train_rtmpose_performance\best.pt,79e5c546aabda04f297523ac8db14726626bc1b71542ffad0e9ebcd49492d342,D:\Research\vv_pose_project\outputs\phase9c_r1d_locked_full_confirmation\split_b\seed123\detector_conditioned_virtual_view_no_confidence\train_rtmpose_performance\phase9c_r1d_run_report.json
split_b,123,rtmpose_performance,bounded_reliability_observed_modulation,D:\Research\vv_pose_project\outputs\phase9c_r1e_synergy_attribution\split_b\seed123\bounded_reliability_observed_modulation\train_rtmpose_performance\best.pt,088f8701640b21ed2c8a227be4fe195ebf03f98d3aff704adc906aeb3184d58e,D:\Research\vv_pose_project\outputs\phase9c_r1e_synergy_attribution\split_b\seed123\bounded_reliability_observed_modulation\train_rtmpose_performance\phase9c_r1e_run_report.json
split_b,123,rtmpose_performance,bounded_reliability_dual_modulation,D:\Research\vv_pose_project\outputs\phase9c_r1d_locked_full_confirmation\split_b\seed123\bounded_reliability_dual_modulation\train_rtmpose_performance\best.pt,96f610ac5ad7069126a09f2ccc3e8a75685bad648bd37fbff0bb064c79afeb03,D:\Research\vv_pose_project\outputs\phase9c_r1d_locked_full_confirmation\split_b\seed123\bounded_reliability_dual_modulation\train_rtmpose_performance\phase9c_r1d_run_report.json
split_b,123,yolo11l_pose,detector_aware_observed,D:\Research\vv_pose_project\outputs\phase9c_r1d_locked_full_confirmation\split_b\seed123\detector_aware_observed\train_yolo11l_pose\best.pt,a7c8e0b42c2aa3946e3e28c077a86a3ff9ef588f80bc812fc313437076b77da4,D:\Research\vv_pose_project\outputs\phase9c_r1d_locked_full_confirmation\split_b\seed123\detector_aware_observed\train_yolo11l_pose\phase9c_r1d_run_report.json
split_b,123,yolo11l_pose,detector_conditioned_virtual_view_no_confidence,D:\Research\vv_pose_project\outputs\phase9c_r1d_locked_full_confirmation\split_b\seed123\detector_conditioned_virtual_view_no_confidence\train_yolo11l_pose\best.pt,ac49989fc731c34e316627f3ec0cb4dd4c43cf8dec70ef6bd67a89edd756ba9a,D:\Research\vv_pose_project\outputs\phase9c_r1d_locked_full_confirmation\split_b\seed123\detector_conditioned_virtual_view_no_confidence\train_yolo11l_pose\phase9c_r1d_run_report.json
split_b,123,yolo11l_pose,bounded_reliability_observed_modulation,D:\Research\vv_pose_project\outputs\phase9c_r1e_synergy_attribution\split_b\seed123\bounded_reliability_observed_modulation\train_yolo11l_pose\best.pt,2da296e4228da4cb49ddf78cc4274c81516a080063f9a709e0fbde46c2babb5b,D:\Research\vv_pose_project\outputs\phase9c_r1e_synergy_attribution\split_b\seed123\bounded_reliability_observed_modulation\train_yolo11l_pose\phase9c_r1e_run_report.json
split_b,123,yolo11l_pose,bounded_reliability_dual_modulation,D:\Research\vv_pose_project\outputs\phase9c_r1d_locked_full_confirmation\split_b\seed123\bounded_reliability_dual_modulation\train_yolo11l_pose\best.pt,47f26f8601f237db37250f309361a0bf10cd4934780697c2f1c400b1e04b099d,D:\Research\vv_pose_project\outputs\phase9c_r1d_locked_full_confirmation\split_b\seed123\bounded_reliability_dual_modulation\train_yolo11l_pose\phase9c_r1d_run_report.json
split_b,2026,rtmpose_performance,detector_aware_observed,D:\Research\vv_pose_project\outputs\phase9c_r1d_locked_full_confirmation\split_b\seed2026\detector_aware_observed\train_rtmpose_performance\best.pt,9a1d4769069633cf5173f7037d27ab7aa6702acbbb35a7a3884d74f126832344,D:\Research\vv_pose_project\outputs\phase9c_r1d_locked_full_confirmation\split_b\seed2026\detector_aware_observed\train_rtmpose_performance\phase9c_r1d_run_report.json
split_b,2026,rtmpose_performance,detector_conditioned_virtual_view_no_confidence,D:\Research\vv_pose_project\outputs\phase9c_r1d_locked_full_confirmation\split_b\seed2026\detector_conditioned_virtual_view_no_confidence\train_rtmpose_performance\best.pt,4b1a0963fb52e8a233ffe333f8eb207d7c4be64521b4cf5bfcbc6622e1ee20b2,D:\Research\vv_pose_project\outputs\phase9c_r1d_locked_full_confirmation\split_b\seed2026\detector_conditioned_virtual_view_no_confidence\train_rtmpose_performance\phase9c_r1d_run_report.json
split_b,2026,rtmpose_performance,bounded_reliability_observed_modulation,D:\Research\vv_pose_project\outputs\phase9c_r1e_synergy_attribution\split_b\seed2026\bounded_reliability_observed_modulation\train_rtmpose_performance\best.pt,33f8ef3f624a34b92f4c0e52ea90b2bf68103e0735c2345212363189d0b9169d,D:\Research\vv_pose_project\outputs\phase9c_r1e_synergy_attribution\split_b\seed2026\bounded_reliability_observed_modulation\train_rtmpose_performance\phase9c_r1e_run_report.json
split_b,2026,rtmpose_performance,bounded_reliability_dual_modulation,D:\Research\vv_pose_project\outputs\phase9c_r1d_locked_full_confirmation\split_b\seed2026\bounded_reliability_dual_modulation\train_rtmpose_performance\best.pt,2cdb0506c507189d67cc40957d9ef2da623785220bfd8b8a8d4b6765eefbf8d7,D:\Research\vv_pose_project\outputs\phase9c_r1d_locked_full_confirmation\split_b\seed2026\bounded_reliability_dual_modulation\train_rtmpose_performance\phase9c_r1d_run_report.json
split_b,2026,yolo11l_pose,detector_aware_observed,D:\Research\vv_pose_project\outputs\phase9c_r1d_locked_full_confirmation\split_b\seed2026\detector_aware_observed\train_yolo11l_pose\best.pt,43aba12abd0580f378b546796e3d3d3ccb8dcaaea9b7ccdf6f84cebe2c21320e,D:\Research\vv_pose_project\outputs\phase9c_r1d_locked_full_confirmation\split_b\seed2026\detector_aware_observed\train_yolo11l_pose\phase9c_r1d_run_report.json
split_b,2026,yolo11l_pose,detector_conditioned_virtual_view_no_confidence,D:\Research\vv_pose_project\outputs\phase9c_r1d_locked_full_confirmation\split_b\seed2026\detector_conditioned_virtual_view_no_confidence\train_yolo11l_pose\best.pt,7c039925d879ddc414cb68a7980c16c28ef9a38551cf208f321f3b7df81cb8ea,D:\Research\vv_pose_project\outputs\phase9c_r1d_locked_full_confirmation\split_b\seed2026\detector_conditioned_virtual_view_no_confidence\train_yolo11l_pose\phase9c_r1d_run_report.json
split_b,2026,yolo11l_pose,bounded_reliability_observed_modulation,D:\Research\vv_pose_project\outputs\phase9c_r1e_synergy_attribution\split_b\seed2026\bounded_reliability_observed_modulation\train_yolo11l_pose\best.pt,9f4525b390845b804be542caf9a1d8942ea426b7e02807602861bb9ca8750572,D:\Research\vv_pose_project\outputs\phase9c_r1e_synergy_attribution\split_b\seed2026\bounded_reliability_observed_modulation\train_yolo11l_pose\phase9c_r1e_run_report.json
split_b,2026,yolo11l_pose,bounded_reliability_dual_modulation,D:\Research\vv_pose_project\outputs\phase9c_r1d_locked_full_confirmation\split_b\seed2026\bounded_reliability_dual_modulation\train_yolo11l_pose\best.pt,a5e484290af1b4cf228963e259e6ab675d398b04f3f91eabed7bc950be8e3673,D:\Research\vv_pose_project\outputs\phase9c_r1d_locked_full_confirmation\split_b\seed2026\bounded_reliability_dual_modulation\train_yolo11l_pose\phase9c_r1d_run_report.json
split_c,42,rtmpose_performance,detector_aware_observed,D:\Research\vv_pose_project\outputs\phase9c_r1d_locked_full_confirmation\split_c\seed42\detector_aware_observed\train_rtmpose_performance\best.pt,1a217fead18135a15bf6f67226df3258834b1dda5cf5b6b5d25e25dba5527d7b,D:\Research\vv_pose_project\outputs\phase9c_r1d_locked_full_confirmation\split_c\seed42\detector_aware_observed\train_rtmpose_performance\phase9c_r1d_run_report.json
split_c,42,rtmpose_performance,detector_conditioned_virtual_view_no_confidence,D:\Research\vv_pose_project\outputs\phase9c_r1d_locked_full_confirmation\split_c\seed42\detector_conditioned_virtual_view_no_confidence\train_rtmpose_performance\best.pt,9122bbd4d52b102ab0b1649d149e8c2224ce9c6e227dbc0a0560ff4355dfe34b,D:\Research\vv_pose_project\outputs\phase9c_r1d_locked_full_confirmation\split_c\seed42\detector_conditioned_virtual_view_no_confidence\train_rtmpose_performance\phase9c_r1d_run_report.json
split_c,42,rtmpose_performance,bounded_reliability_observed_modulation,D:\Research\vv_pose_project\outputs\phase9c_r1e_synergy_attribution\split_c\seed42\bounded_reliability_observed_modulation\train_rtmpose_performance\best.pt,82c94bda278391d330b2d3a28c6ad46a9b7b9f9c14bfef5a134020e6dd26fd31,D:\Research\vv_pose_project\outputs\phase9c_r1e_synergy_attribution\split_c\seed42\bounded_reliability_observed_modulation\train_rtmpose_performance\phase9c_r1e_run_report.json
split_c,42,rtmpose_performance,bounded_reliability_dual_modulation,D:\Research\vv_pose_project\outputs\phase9c_r1d_locked_full_confirmation\split_c\seed42\bounded_reliability_dual_modulation\train_rtmpose_performance\best.pt,18e4ff861fc6b7d9535a71757bc34393efd827fe05e6c22a497e1f301fd72874,D:\Research\vv_pose_project\outputs\phase9c_r1d_locked_full_confirmation\split_c\seed42\bounded_reliability_dual_modulation\train_rtmpose_performance\phase9c_r1d_run_report.json
split_c,42,yolo11l_pose,detector_aware_observed,D:\Research\vv_pose_project\outputs\phase9c_r1d_locked_full_confirmation\split_c\seed42\detector_aware_observed\train_yolo11l_pose\best.pt,07bec731b25529c035848742757dbf1eb0abcbd9117e802a436e7d7ca3ceb37c,D:\Research\vv_pose_project\outputs\phase9c_r1d_locked_full_confirmation\split_c\seed42\detector_aware_observed\train_yolo11l_pose\phase9c_r1d_run_report.json
split_c,42,yolo11l_pose,detector_conditioned_virtual_view_no_confidence,D:\Research\vv_pose_project\outputs\phase9c_r1d_locked_full_confirmation\split_c\seed42\detector_conditioned_virtual_view_no_confidence\train_yolo11l_pose\best.pt,96888cbe544b90a7980b0151f26527659605b065f722b505e71b07a7fc1dcdd8,D:\Research\vv_pose_project\outputs\phase9c_r1d_locked_full_confirmation\split_c\seed42\detector_conditioned_virtual_view_no_confidence\train_yolo11l_pose\phase9c_r1d_run_report.json
split_c,42,yolo11l_pose,bounded_reliability_observed_modulation,D:\Research\vv_pose_project\outputs\phase9c_r1e_synergy_attribution\split_c\seed42\bounded_reliability_observed_modulation\train_yolo11l_pose\best.pt,3be5b45b7fbc41d06097a281fe0fcd08d45cb5d56b8e455aef797a45688a9314,D:\Research\vv_pose_project\outputs\phase9c_r1e_synergy_attribution\split_c\seed42\bounded_reliability_observed_modulation\train_yolo11l_pose\phase9c_r1e_run_report.json
split_c,42,yolo11l_pose,bounded_reliability_dual_modulation,D:\Research\vv_pose_project\outputs\phase9c_r1d_locked_full_confirmation\split_c\seed42\bounded_reliability_dual_modulation\train_yolo11l_pose\best.pt,e449b07aa9497aa2e73385642024f9bed2bbf1fbcc0efb7a2a4eb66db10ccbb9,D:\Research\vv_pose_project\outputs\phase9c_r1d_locked_full_confirmation\split_c\seed42\bounded_reliability_dual_modulation\train_yolo11l_pose\phase9c_r1d_run_report.json
split_c,123,rtmpose_performance,detector_aware_observed,D:\Research\vv_pose_project\outputs\phase9c_r1d_locked_full_confirmation\split_c\seed123\detector_aware_observed\train_rtmpose_performance\best.pt,02e86223591e7b3d5128ff4624d2e77bf4cf357c9b2ab295199c65890f6a572b,D:\Research\vv_pose_project\outputs\phase9c_r1d_locked_full_confirmation\split_c\seed123\detector_aware_observed\train_rtmpose_performance\phase9c_r1d_run_report.json
split_c,123,rtmpose_performance,detector_conditioned_virtual_view_no_confidence,D:\Research\vv_pose_project\outputs\phase9c_r1d_locked_full_confirmation\split_c\seed123\detector_conditioned_virtual_view_no_confidence\train_rtmpose_performance\best.pt,568cf30f0f86e1f4a62b568a87dfccfb9bf19ab212602a4c82b505e0e851ffbc,D:\Research\vv_pose_project\outputs\phase9c_r1d_locked_full_confirmation\split_c\seed123\detector_conditioned_virtual_view_no_confidence\train_rtmpose_performance\phase9c_r1d_run_report.json
split_c,123,rtmpose_performance,bounded_reliability_observed_modulation,D:\Research\vv_pose_project\outputs\phase9c_r1e_synergy_attribution\split_c\seed123\bounded_reliability_observed_modulation\train_rtmpose_performance\best.pt,ff267068bafc8096e8686bed71072341535b4309a7d8df49a82acb5ae4f1d5e8,D:\Research\vv_pose_project\outputs\phase9c_r1e_synergy_attribution\split_c\seed123\bounded_reliability_observed_modulation\train_rtmpose_performance\phase9c_r1e_run_report.json
split_c,123,rtmpose_performance,bounded_reliability_dual_modulation,D:\Research\vv_pose_project\outputs\phase9c_r1d_locked_full_confirmation\split_c\seed123\bounded_reliability_dual_modulation\train_rtmpose_performance\best.pt,c1c2c8f36a888d6150d3fb40af1310b36e4ca08d9fc23834757826c5b3c15ba9,D:\Research\vv_pose_project\outputs\phase9c_r1d_locked_full_confirmation\split_c\seed123\bounded_reliability_dual_modulation\train_rtmpose_performance\phase9c_r1d_run_report.json
split_c,123,yolo11l_pose,detector_aware_observed,D:\Research\vv_pose_project\outputs\phase9c_r1d_locked_full_confirmation\split_c\seed123\detector_aware_observed\train_yolo11l_pose\best.pt,c5938aadbd52326ba29954a8cf3dac054c888349addd8299cd66d7450486913c,D:\Research\vv_pose_project\outputs\phase9c_r1d_locked_full_confirmation\split_c\seed123\detector_aware_observed\train_yolo11l_pose\phase9c_r1d_run_report.json
split_c,123,yolo11l_pose,detector_conditioned_virtual_view_no_confidence,D:\Research\vv_pose_project\outputs\phase9c_r1d_locked_full_confirmation\split_c\seed123\detector_conditioned_virtual_view_no_confidence\train_yolo11l_pose\best.pt,8ecc66682ecffb627ad362c7a8d0a2e5765042db0381b9f3549ea261288ac49c,D:\Research\vv_pose_project\outputs\phase9c_r1d_locked_full_confirmation\split_c\seed123\detector_conditioned_virtual_view_no_confidence\train_yolo11l_pose\phase9c_r1d_run_report.json
split_c,123,yolo11l_pose,bounded_reliability_observed_modulation,D:\Research\vv_pose_project\outputs\phase9c_r1e_synergy_attribution\split_c\seed123\bounded_reliability_observed_modulation\train_yolo11l_pose\best.pt,967bfab07cb409bfdd87678b52ef2892483d16969621c737cdf65a48555142ef,D:\Research\vv_pose_project\outputs\phase9c_r1e_synergy_attribution\split_c\seed123\bounded_reliability_observed_modulation\train_yolo11l_pose\phase9c_r1e_run_report.json
split_c,123,yolo11l_pose,bounded_reliability_dual_modulation,D:\Research\vv_pose_project\outputs\phase9c_r1d_locked_full_confirmation\split_c\seed123\bounded_reliability_dual_modulation\train_yolo11l_pose\best.pt,a4008fcb70943f2d072d2d77d33f4f5583b4286c93beebba5d27e2d28f2e3ba8,D:\Research\vv_pose_project\outputs\phase9c_r1d_locked_full_confirmation\split_c\seed123\bounded_reliability_dual_modulation\train_yolo11l_pose\phase9c_r1d_run_report.json
split_c,2026,rtmpose_performance,detector_aware_observed,D:\Research\vv_pose_project\outputs\phase9c_r1d_locked_full_confirmation\split_c\seed2026\detector_aware_observed\train_rtmpose_performance\best.pt,a33c941f14b8b542c0ef69bd5ce56f50e2e2dcf0b1f7044c0bc84e74f7d527e0,D:\Research\vv_pose_project\outputs\phase9c_r1d_locked_full_confirmation\split_c\seed2026\detector_aware_observed\train_rtmpose_performance\phase9c_r1d_run_report.json
split_c,2026,rtmpose_performance,detector_conditioned_virtual_view_no_confidence,D:\Research\vv_pose_project\outputs\phase9c_r1d_locked_full_confirmation\split_c\seed2026\detector_conditioned_virtual_view_no_confidence\train_rtmpose_performance\best.pt,2f423c4658780f2d696fb5e5e707c51514afd8b24244f9f2ca5ba25830847c56,D:\Research\vv_pose_project\outputs\phase9c_r1d_locked_full_confirmation\split_c\seed2026\detector_conditioned_virtual_view_no_confidence\train_rtmpose_performance\phase9c_r1d_run_report.json
split_c,2026,rtmpose_performance,bounded_reliability_observed_modulation,D:\Research\vv_pose_project\outputs\phase9c_r1e_synergy_attribution\split_c\seed2026\bounded_reliability_observed_modulation\train_rtmpose_performance\best.pt,3bc00665bf61b5a15a432b0f7ec0a4dd6a13e484cfdb9959500305cbe0974f95,D:\Research\vv_pose_project\outputs\phase9c_r1e_synergy_attribution\split_c\seed2026\bounded_reliability_observed_modulation\train_rtmpose_performance\phase9c_r1e_run_report.json
split_c,2026,rtmpose_performance,bounded_reliability_dual_modulation,D:\Research\vv_pose_project\outputs\phase9c_r1d_locked_full_confirmation\split_c\seed2026\bounded_reliability_dual_modulation\train_rtmpose_performance\best.pt,1852009d4aec6413c4338cd224492b125058b045d15d17e0a15538296687bf96,D:\Research\vv_pose_project\outputs\phase9c_r1d_locked_full_confirmation\split_c\seed2026\bounded_reliability_dual_modulation\train_rtmpose_performance\phase9c_r1d_run_report.json
split_c,2026,yolo11l_pose,detector_aware_observed,D:\Research\vv_pose_project\outputs\phase9c_r1d_locked_full_confirmation\split_c\seed2026\detector_aware_observed\train_yolo11l_pose\best.pt,2083b63d95ccf74725097d14bc9cc19768c5597a9a9ee0fce6ceec8bf6feb7d3,D:\Research\vv_pose_project\outputs\phase9c_r1d_locked_full_confirmation\split_c\seed2026\detector_aware_observed\train_yolo11l_pose\phase9c_r1d_run_report.json
split_c,2026,yolo11l_pose,detector_conditioned_virtual_view_no_confidence,D:\Research\vv_pose_project\outputs\phase9c_r1d_locked_full_confirmation\split_c\seed2026\detector_conditioned_virtual_view_no_confidence\train_yolo11l_pose\best.pt,c3c21a0ea04dfe2ef8e13233ad16d478d6f0320f147dc92ed87636601a1c0a72,D:\Research\vv_pose_project\outputs\phase9c_r1d_locked_full_confirmation\split_c\seed2026\detector_conditioned_virtual_view_no_confidence\train_yolo11l_pose\phase9c_r1d_run_report.json
split_c,2026,yolo11l_pose,bounded_reliability_observed_modulation,D:\Research\vv_pose_project\outputs\phase9c_r1e_synergy_attribution\split_c\seed2026\bounded_reliability_observed_modulation\train_yolo11l_pose\best.pt,834a71517bdb058b66056e53cd960f86f30e4b8c77f5920aedd66719d4d68073,D:\Research\vv_pose_project\outputs\phase9c_r1e_synergy_attribution\split_c\seed2026\bounded_reliability_observed_modulation\train_yolo11l_pose\phase9c_r1e_run_report.json
split_c,2026,yolo11l_pose,bounded_reliability_dual_modulation,D:\Research\vv_pose_project\outputs\phase9c_r1d_locked_full_confirmation\split_c\seed2026\bounded_reliability_dual_modulation\train_yolo11l_pose\best.pt,3c669a2bc4c0a72a2a664b097b49c6614d7fda4d8c07493b633bd872785afaae,D:\Research\vv_pose_project\outputs\phase9c_r1d_locked_full_confirmation\split_c\seed2026\bounded_reliability_dual_modulation\train_yolo11l_pose\phase9c_r1d_run_report.json
