run_report,path,sha256,verified
D:\Research\vv_pose_project\outputs\phase9c_r1e_synergy_attribution\split_a\seed123\bounded_reliability_observed_modulation\train_rtmpose_performance\phase9c_r1e_run_report.json,D:\Research\vv_pose_project\outputs\phase9c_r1e_synergy_attribution\split_a\seed123\bounded_reliability_observed_modulation\train_rtmpose_performance\per_sample_rtmpose_performance_val.npz,5e2f863741df699ba35dd51bc1db7699998c202a93eae6766dd6bc34ec5bdbde,True
D:\Research\vv_pose_project\outputs\phase9c_r1e_synergy_attribution\split_a\seed123\bounded_reliability_observed_modulation\train_rtmpose_performance\phase9c_r1e_run_report.json,D:\Research\vv_pose_project\outputs\phase9c_r1e_synergy_attribution\split_a\seed123\bounded_reliability_observed_modulation\train_rtmpose_performance\per_sample_rtmpose_performance_test.npz,03144e7dce0c211bc1101c5b6caf85ce108f3aead2701e325530aa1044e94b30,True
D:\Research\vv_pose_project\outputs\phase9c_r1e_synergy_attribution\split_a\seed123\bounded_reliability_observed_modulation\train_rtmpose_performance\phase9c_r1e_run_report.json,D:\Research\vv_pose_project\outputs\phase9c_r1e_synergy_attribution\split_a\seed123\bounded_reliability_observed_modulation\train_rtmpose_performance\per_sample_yolo11l_pose_val.npz,a9f31a1b8530fb68cae996ea307b11cdd9ad158952e25787d469699deeee6bff,True
D:\Research\vv_pose_project\outputs\phase9c_r1e_synergy_attribution\split_a\seed123\bounded_reliability_observed_modulation\train_rtmpose_performance\phase9c_r1e_run_report.json,D:\Research\vv_pose_project\outputs\phase9c_r1e_synergy_attribution\split_a\seed123\bounded_reliability_observed_modulation\train_rtmpose_performance\per_sample_yolo11l_pose_test.npz,e6d7a4eac0d2f8ba1aa51e76dbaa363178f36a2834b87a8a7071bec02ac9f61d,True
D:\Research\vv_pose_project\outputs\phase9c_r1e_synergy_attribution\split_a\seed123\bounded_reliability_observed_modulation\train_rtmpose_performance\phase9c_r1e_run_report.json,D:\Research\vv_pose_project\outputs\phase9c_r1e_synergy_attribution\split_a\seed123\bounded_reliability_observed_modulation\train_rtmpose_performance\best.pt,f220579d3dc10042629d81bfcab74df0da1df12d3cd065e0c1dc22ffb09e9e33,True
D:\Research\vv_pose_project\outputs\phase9c_r1e_synergy_attribution\split_a\seed123\bounded_reliability_observed_modulation\train_rtmpose_performance\phase9c_r1e_run_report.json,D:\Research\vv_pose_project\outputs\phase9c_r1e_synergy_attribution\split_a\seed123\bounded_reliability_observed_modulation\train_rtmpose_performance\last.pt,0947cf67f12a33711a2ee093524ebfd94a03d87bec90b62a7975b7ce62e37113,True
D:\Research\vv_pose_project\outputs\phase9c_r1e_synergy_attribution\split_a\seed123\bounded_reliability_observed_modulation\train_rtmpose_performance\phase9c_r1e_run_report.json,D:\Research\vv_pose_project\outputs\phase9c_r1e_synergy_attribution\split_a\seed123\bounded_reliability_observed_modulation\train_rtmpose_performance\training_history.csv,74a213dcbd87387fc87720f042065eeec624c6069f61c409e4c9f13eab07629a,True
D:\Research\vv_pose_project\outputs\phase9c_r1e_synergy_attribution\split_a\seed123\bounded_reliability_observed_modulation\train_yolo11l_pose\phase9c_r1e_run_report.json,D:\Research\vv_pose_project\outputs\phase9c_r1e_synergy_attribution\split_a\seed123\bounded_reliability_observed_modulation\train_yolo11l_pose\per_sample_rtmpose_performance_val.npz,406141f303050f1321d698df24fc6cb51c86389215241b63016435ad19e505a1,True
D:\Research\vv_pose_project\outputs\phase9c_r1e_synergy_attribution\split_a\seed123\bounded_reliability_observed_modulation\train_yolo11l_pose\phase9c_r1e_run_report.json,D:\Research\vv_pose_project\outputs\phase9c_r1e_synergy_attribution\split_a\seed123\bounded_reliability_observed_modulation\train_yolo11l_pose\per_sample_rtmpose_performance_test.npz,467fd9e46908510df36c576baaae0038de6a7abe6cc8145e5842476e3d3ed8e0,True
D:\Research\vv_pose_project\outputs\phase9c_r1e_synergy_attribution\split_a\seed123\bounded_reliability_observed_modulation\train_yolo11l_pose\phase9c_r1e_run_report.json,D:\Research\vv_pose_project\outputs\phase9c_r1e_synergy_attribution\split_a\seed123\bounded_reliability_observed_modulation\train_yolo11l_pose\per_sample_yolo11l_pose_val.npz,b7657f93ec1e90cd8938de9136e2f33b7d9aae8484d19c3a879e2c54e9bf0d8f,True
D:\Research\vv_pose_project\outputs\phase9c_r1e_synergy_attribution\split_a\seed123\bounded_reliability_observed_modulation\train_yolo11l_pose\phase9c_r1e_run_report.json,D:\Research\vv_pose_project\outputs\phase9c_r1e_synergy_attribution\split_a\seed123\bounded_reliability_observed_modulation\train_yolo11l_pose\per_sample_yolo11l_pose_test.npz,802656c2a178667aa921064a9cf9c4981214af974be74bdf733a0fae5b905464,True
D:\Research\vv_pose_project\outputs\phase9c_r1e_synergy_attribution\split_a\seed123\bounded_reliability_observed_modulation\train_yolo11l_pose\phase9c_r1e_run_report.json,D:\Research\vv_pose_project\outputs\phase9c_r1e_synergy_attribution\split_a\seed123\bounded_reliability_observed_modulation\train_yolo11l_pose\best.pt,ce06faf3dc9cdd7394e0518fa0e80d72292c325bcf0ac08fe935d1c0efcc1d47,True
D:\Research\vv_pose_project\outputs\phase9c_r1e_synergy_attribution\split_a\seed123\bounded_reliability_observed_modulation\train_yolo11l_pose\phase9c_r1e_run_report.json,D:\Research\vv_pose_project\outputs\phase9c_r1e_synergy_attribution\split_a\seed123\bounded_reliability_observed_modulation\train_yolo11l_pose\last.pt,3c5e5ec7a00ffa97a7cf416da5701781f00e30df74677c4691a14403db6757c7,True
D:\Research\vv_pose_project\outputs\phase9c_r1e_synergy_attribution\split_a\seed123\bounded_reliability_observed_modulation\train_yolo11l_pose\phase9c_r1e_run_report.json,D:\Research\vv_pose_project\outputs\phase9c_r1e_synergy_attribution\split_a\seed123\bounded_reliability_observed_modulation\train_yolo11l_pose\training_history.csv,8bd8ed55cf1808b7d730fd5a399cc48a8527c6ac3aa2edf5a4a1a4943eb40308,True
D:\Research\vv_pose_project\outputs\phase9c_r1e_synergy_attribution\split_a\seed2026\bounded_reliability_observed_modulation\train_rtmpose_performance\phase9c_r1e_run_report.json,D:\Research\vv_pose_project\outputs\phase9c_r1e_synergy_attribution\split_a\seed2026\bounded_reliability_observed_modulation\train_rtmpose_performance\per_sample_rtmpose_performance_val.npz,27a7c45ac35dd71205c302d45dd2053e365534be6009158cbc6d1f38ca00b049,True
D:\Research\vv_pose_project\outputs\phase9c_r1e_synergy_attribution\split_a\seed2026\bounded_reliability_observed_modulation\train_rtmpose_performance\phase9c_r1e_run_report.json,D:\Research\vv_pose_project\outputs\phase9c_r1e_synergy_attribution\split_a\seed2026\bounded_reliability_observed_modulation\train_rtmpose_performance\per_sample_rtmpose_performance_test.npz,d52bab93fb9204e7891e162ac533a2d809c96f323a7a452f3ce03276035a8c55,True
D:\Research\vv_pose_project\outputs\phase9c_r1e_synergy_attribution\split_a\seed2026\bounded_reliability_observed_modulation\train_rtmpose_performance\phase9c_r1e_run_report.json,D:\Research\vv_pose_project\outputs\phase9c_r1e_synergy_attribution\split_a\seed2026\bounded_reliability_observed_modulation\train_rtmpose_performance\per_sample_yolo11l_pose_val.npz,c45cf1b071f34c557130f7fedce6f8309056667649cc54b20d57b4ba6e23fdae,True
D:\Research\vv_pose_project\outputs\phase9c_r1e_synergy_attribution\split_a\seed2026\bounded_reliability_observed_modulation\train_rtmpose_performance\phase9c_r1e_run_report.json,D:\Research\vv_pose_project\outputs\phase9c_r1e_synergy_attribution\split_a\seed2026\bounded_reliability_observed_modulation\train_rtmpose_performance\per_sample_yolo11l_pose_test.npz,01068786d54a5c5eb8a8272735379663e26bea346ba480b8c65da30f991c5634,True
D:\Research\vv_pose_project\outputs\phase9c_r1e_synergy_attribution\split_a\seed2026\bounded_reliability_observed_modulation\train_rtmpose_performance\phase9c_r1e_run_report.json,D:\Research\vv_pose_project\outputs\phase9c_r1e_synergy_attribution\split_a\seed2026\bounded_reliability_observed_modulation\train_rtmpose_performance\best.pt,f7010679632137f922dd88bf35a9cda0ef2e13978f6014ec48e3f9dc2d2a0d53,True
D:\Research\vv_pose_project\outputs\phase9c_r1e_synergy_attribution\split_a\seed2026\bounded_reliability_observed_modulation\train_rtmpose_performance\phase9c_r1e_run_report.json,D:\Research\vv_pose_project\outputs\phase9c_r1e_synergy_attribution\split_a\seed2026\bounded_reliability_observed_modulation\train_rtmpose_performance\last.pt,e7173527cc90e2e22f0228e31931f450f5866aa30aedb188b4eebac0d92e8d9f,True
D:\Research\vv_pose_project\outputs\phase9c_r1e_synergy_attribution\split_a\seed2026\bounded_reliability_observed_modulation\train_rtmpose_performance\phase9c_r1e_run_report.json,D:\Research\vv_pose_project\outputs\phase9c_r1e_synergy_attribution\split_a\seed2026\bounded_reliability_observed_modulation\train_rtmpose_performance\training_history.csv,597442112a52877893e050bb0821fd3059c2c509dc1e3f9e321614fa571d3c6c,True
D:\Research\vv_pose_project\outputs\phase9c_r1e_synergy_attribution\split_a\seed2026\bounded_reliability_observed_modulation\train_yolo11l_pose\phase9c_r1e_run_report.json,D:\Research\vv_pose_project\outputs\phase9c_r1e_synergy_attribution\split_a\seed2026\bounded_reliability_observed_modulation\train_yolo11l_pose\per_sample_rtmpose_performance_val.npz,0436bf92f4ee1407fc0ed13e24c27bc9f602fad547cf31b703eac080b46d7d74,True
D:\Research\vv_pose_project\outputs\phase9c_r1e_synergy_attribution\split_a\seed2026\bounded_reliability_observed_modulation\train_yolo11l_pose\phase9c_r1e_run_report.json,D:\Research\vv_pose_project\outputs\phase9c_r1e_synergy_attribution\split_a\seed2026\bounded_reliability_observed_modulation\train_yolo11l_pose\per_sample_rtmpose_performance_test.npz,6897b781db7fe380f6c6d2c2ebd87febf1f254ac2d3227c082e46e8680eb2ccb,True
D:\Research\vv_pose_project\outputs\phase9c_r1e_synergy_attribution\split_a\seed2026\bounded_reliability_observed_modulation\train_yolo11l_pose\phase9c_r1e_run_report.json,D:\Research\vv_pose_project\outputs\phase9c_r1e_synergy_attribution\split_a\seed2026\bounded_reliability_observed_modulation\train_yolo11l_pose\per_sample_yolo11l_pose_val.npz,0fa1f8907263362541cbdf9a53165924e82b697567f1af0ac968168a0823dd48,True
D:\Research\vv_pose_project\outputs\phase9c_r1e_synergy_attribution\split_a\seed2026\bounded_reliability_observed_modulation\train_yolo11l_pose\phase9c_r1e_run_report.json,D:\Research\vv_pose_project\outputs\phase9c_r1e_synergy_attribution\split_a\seed2026\bounded_reliability_observed_modulation\train_yolo11l_pose\per_sample_yolo11l_pose_test.npz,8626104d767f8b825f4f6d9b18ce79bb8a6296472e318006a5b577feb9327292,True
D:\Research\vv_pose_project\outputs\phase9c_r1e_synergy_attribution\split_a\seed2026\bounded_reliability_observed_modulation\train_yolo11l_pose\phase9c_r1e_run_report.json,D:\Research\vv_pose_project\outputs\phase9c_r1e_synergy_attribution\split_a\seed2026\bounded_reliability_observed_modulation\train_yolo11l_pose\best.pt,b45919dee45cf20338acd56a3a8f7005ad98b09675278ff4bde8e046bdf043f2,True
D:\Research\vv_pose_project\outputs\phase9c_r1e_synergy_attribution\split_a\seed2026\bounded_reliability_observed_modulation\train_yolo11l_pose\phase9c_r1e_run_report.json,D:\Research\vv_pose_project\outputs\phase9c_r1e_synergy_attribution\split_a\seed2026\bounded_reliability_observed_modulation\train_yolo11l_pose\last.pt,09d344dadf4b4133afab05c6bf31ead7528c32e58b6d78a40128bce8f5993344,True
D:\Research\vv_pose_project\outputs\phase9c_r1e_synergy_attribution\split_a\seed2026\bounded_reliability_observed_modulation\train_yolo11l_pose\phase9c_r1e_run_report.json,D:\Research\vv_pose_project\outputs\phase9c_r1e_synergy_attribution\split_a\seed2026\bounded_reliability_observed_modulation\train_yolo11l_pose\training_history.csv,517089fe24cfbd76da7f93bc7d94fdfce125ebb9780e615d31513b938e29575b,True
D:\Research\vv_pose_project\outputs\phase9c_r1e_synergy_attribution\split_a\seed42\bounded_reliability_observed_modulation\train_rtmpose_performance\phase9c_r1e_run_report.json,D:\Research\vv_pose_project\outputs\phase9c_r1e_synergy_attribution\split_a\seed42\bounded_reliability_observed_modulation\train_rtmpose_performance\per_sample_rtmpose_performance_val.npz,03abd298882c421d2ccddab7e5125d55bb57716adb5b629366c69ace488623e7,True
D:\Research\vv_pose_project\outputs\phase9c_r1e_synergy_attribution\split_a\seed42\bounded_reliability_observed_modulation\train_rtmpose_performance\phase9c_r1e_run_report.json,D:\Research\vv_pose_project\outputs\phase9c_r1e_synergy_attribution\split_a\seed42\bounded_reliability_observed_modulation\train_rtmpose_performance\per_sample_rtmpose_performance_test.npz,90ad536b8d888833c988a3d13ae4b5619ac43ac2da117da9244a959d9409dd28,True
D:\Research\vv_pose_project\outputs\phase9c_r1e_synergy_attribution\split_a\seed42\bounded_reliability_observed_modulation\train_rtmpose_performance\phase9c_r1e_run_report.json,D:\Research\vv_pose_project\outputs\phase9c_r1e_synergy_attribution\split_a\seed42\bounded_reliability_observed_modulation\train_rtmpose_performance\per_sample_yolo11l_pose_val.npz,59287e2850c4214f97bfbf355db2299e07c44868b4f173c4015d394f15d136cd,True
D:\Research\vv_pose_project\outputs\phase9c_r1e_synergy_attribution\split_a\seed42\bounded_reliability_observed_modulation\train_rtmpose_performance\phase9c_r1e_run_report.json,D:\Research\vv_pose_project\outputs\phase9c_r1e_synergy_attribution\split_a\seed42\bounded_reliability_observed_modulation\train_rtmpose_performance\per_sample_yolo11l_pose_test.npz,3c49d5b5591b20e65ce5324358aaf11ef2c8ad84e5ec48209a0434fbdcab0c9f,True
D:\Research\vv_pose_project\outputs\phase9c_r1e_synergy_attribution\split_a\seed42\bounded_reliability_observed_modulation\train_rtmpose_performance\phase9c_r1e_run_report.json,D:\Research\vv_pose_project\outputs\phase9c_r1e_synergy_attribution\split_a\seed42\bounded_reliability_observed_modulation\train_rtmpose_performance\best.pt,62b385dc0ec4f7679a053cdcca5d37fe21bc3ba055609b769c92a7e2ccdf2106,True
D:\Research\vv_pose_project\outputs\phase9c_r1e_synergy_attribution\split_a\seed42\bounded_reliability_observed_modulation\train_rtmpose_performance\phase9c_r1e_run_report.json,D:\Research\vv_pose_project\outputs\phase9c_r1e_synergy_attribution\split_a\seed42\bounded_reliability_observed_modulation\train_rtmpose_performance\last.pt,dbda3532ad38c81771fa2b4bc71c395cf0b1bb894d3cbcc0d668e69ac36ec902,True
D:\Research\vv_pose_project\outputs\phase9c_r1e_synergy_attribution\split_a\seed42\bounded_reliability_observed_modulation\train_rtmpose_performance\phase9c_r1e_run_report.json,D:\Research\vv_pose_project\outputs\phase9c_r1e_synergy_attribution\split_a\seed42\bounded_reliability_observed_modulation\train_rtmpose_performance\training_history.csv,87f37b5d756805562598353b37353d4c3a5011954b912188d2d07df9e7e70d65,True
D:\Research\vv_pose_project\outputs\phase9c_r1e_synergy_attribution\split_a\seed42\bounded_reliability_observed_modulation\train_yolo11l_pose\phase9c_r1e_run_report.json,D:\Research\vv_pose_project\outputs\phase9c_r1e_synergy_attribution\split_a\seed42\bounded_reliability_observed_modulation\train_yolo11l_pose\per_sample_rtmpose_performance_val.npz,c7607227b421647f0f46a40985508eb943179ba66ba50fc0aa0733e31e15d175,True
D:\Research\vv_pose_project\outputs\phase9c_r1e_synergy_attribution\split_a\seed42\bounded_reliability_observed_modulation\train_yolo11l_pose\phase9c_r1e_run_report.json,D:\Research\vv_pose_project\outputs\phase9c_r1e_synergy_attribution\split_a\seed42\bounded_reliability_observed_modulation\train_yolo11l_pose\per_sample_rtmpose_performance_test.npz,3f6576ed42c3a135305001933ecc4fa7ddaba2c3f639d24bb0c7989815bfa5c8,True
D:\Research\vv_pose_project\outputs\phase9c_r1e_synergy_attribution\split_a\seed42\bounded_reliability_observed_modulation\train_yolo11l_pose\phase9c_r1e_run_report.json,D:\Research\vv_pose_project\outputs\phase9c_r1e_synergy_attribution\split_a\seed42\bounded_reliability_observed_modulation\train_yolo11l_pose\per_sample_yolo11l_pose_val.npz,250a1dd11dd39a4635a7097cdff846515919ea00f3dc16ec9fd09fde1ab2a2d6,True
D:\Research\vv_pose_project\outputs\phase9c_r1e_synergy_attribution\split_a\seed42\bounded_reliability_observed_modulation\train_yolo11l_pose\phase9c_r1e_run_report.json,D:\Research\vv_pose_project\outputs\phase9c_r1e_synergy_attribution\split_a\seed42\bounded_reliability_observed_modulation\train_yolo11l_pose\per_sample_yolo11l_pose_test.npz,a6df87ccddc184d0fecf2559ffda9944d191939126c6f7bdbfb557637dffd847,True
D:\Research\vv_pose_project\outputs\phase9c_r1e_synergy_attribution\split_a\seed42\bounded_reliability_observed_modulation\train_yolo11l_pose\phase9c_r1e_run_report.json,D:\Research\vv_pose_project\outputs\phase9c_r1e_synergy_attribution\split_a\seed42\bounded_reliability_observed_modulation\train_yolo11l_pose\best.pt,010f4f3d2baccb2d7e53758ca169b0205a0ff6b35cb36d4448ab69a391cefee4,True
D:\Research\vv_pose_project\outputs\phase9c_r1e_synergy_attribution\split_a\seed42\bounded_reliability_observed_modulation\train_yolo11l_pose\phase9c_r1e_run_report.json,D:\Research\vv_pose_project\outputs\phase9c_r1e_synergy_attribution\split_a\seed42\bounded_reliability_observed_modulation\train_yolo11l_pose\last.pt,e18351fdd971a2441dab5d89b8a6b61d6df4ff22f2bdfc8e54184859c5aeb1c5,True
D:\Research\vv_pose_project\outputs\phase9c_r1e_synergy_attribution\split_a\seed42\bounded_reliability_observed_modulation\train_yolo11l_pose\phase9c_r1e_run_report.json,D:\Research\vv_pose_project\outputs\phase9c_r1e_synergy_attribution\split_a\seed42\bounded_reliability_observed_modulation\train_yolo11l_pose\training_history.csv,26677297a7eb6ac5c10d35d79d6823f4484af04c235b81673f0e4f64e628eab4,True
D:\Research\vv_pose_project\outputs\phase9c_r1e_synergy_attribution\split_b\seed123\bounded_reliability_observed_modulation\train_rtmpose_performance\phase9c_r1e_run_report.json,D:\Research\vv_pose_project\outputs\phase9c_r1e_synergy_attribution\split_b\seed123\bounded_reliability_observed_modulation\train_rtmpose_performance\per_sample_rtmpose_performance_val.npz,0a32fbccf72fcc7f7e4c08feca0f835f2a64e7fe2a2d2b3367d49ed9ca802392,True
D:\Research\vv_pose_project\outputs\phase9c_r1e_synergy_attribution\split_b\seed123\bounded_reliability_observed_modulation\train_rtmpose_performance\phase9c_r1e_run_report.json,D:\Research\vv_pose_project\outputs\phase9c_r1e_synergy_attribution\split_b\seed123\bounded_reliability_observed_modulation\train_rtmpose_performance\per_sample_rtmpose_performance_test.npz,50bb197ea19557a2752bdc5cd3d90590061eb77b609db120f10eefd2fe79c008,True
D:\Research\vv_pose_project\outputs\phase9c_r1e_synergy_attribution\split_b\seed123\bounded_reliability_observed_modulation\train_rtmpose_performance\phase9c_r1e_run_report.json,D:\Research\vv_pose_project\outputs\phase9c_r1e_synergy_attribution\split_b\seed123\bounded_reliability_observed_modulation\train_rtmpose_performance\per_sample_yolo11l_pose_val.npz,27d2640d5016afe84015cf414d6a56d8b44a54e42df13cdf85597d8e3c35eb9a,True
D:\Research\vv_pose_project\outputs\phase9c_r1e_synergy_attribution\split_b\seed123\bounded_reliability_observed_modulation\train_rtmpose_performance\phase9c_r1e_run_report.json,D:\Research\vv_pose_project\outputs\phase9c_r1e_synergy_attribution\split_b\seed123\bounded_reliability_observed_modulation\train_rtmpose_performance\per_sample_yolo11l_pose_test.npz,b56bc665deac169b17b1939bd8435bf0bc5d7bf88a4c1230cf23dc641aa70ec6,True
D:\Research\vv_pose_project\outputs\phase9c_r1e_synergy_attribution\split_b\seed123\bounded_reliability_observed_modulation\train_rtmpose_performance\phase9c_r1e_run_report.json,D:\Research\vv_pose_project\outputs\phase9c_r1e_synergy_attribution\split_b\seed123\bounded_reliability_observed_modulation\train_rtmpose_performance\best.pt,088f8701640b21ed2c8a227be4fe195ebf03f98d3aff704adc906aeb3184d58e,True
D:\Research\vv_pose_project\outputs\phase9c_r1e_synergy_attribution\split_b\seed123\bounded_reliability_observed_modulation\train_rtmpose_performance\phase9c_r1e_run_report.json,D:\Research\vv_pose_project\outputs\phase9c_r1e_synergy_attribution\split_b\seed123\bounded_reliability_observed_modulation\train_rtmpose_performance\last.pt,8c5a9f75f7923776e410dbff35a3e90b1dd0c337837d70e7892bca49d9d18058,True
D:\Research\vv_pose_project\outputs\phase9c_r1e_synergy_attribution\split_b\seed123\bounded_reliability_observed_modulation\train_rtmpose_performance\phase9c_r1e_run_report.json,D:\Research\vv_pose_project\outputs\phase9c_r1e_synergy_attribution\split_b\seed123\bounded_reliability_observed_modulation\train_rtmpose_performance\training_history.csv,8073a13c8fd6f0370a0077b4ee59997de7afca9c1b1259298de2c8e4dee1f54a,True
D:\Research\vv_pose_project\outputs\phase9c_r1e_synergy_attribution\split_b\seed123\bounded_reliability_observed_modulation\train_yolo11l_pose\phase9c_r1e_run_report.json,D:\Research\vv_pose_project\outputs\phase9c_r1e_synergy_attribution\split_b\seed123\bounded_reliability_observed_modulation\train_yolo11l_pose\per_sample_rtmpose_performance_val.npz,a9614bafc1914111246ce061bdaee8b0cc20b526c69d75312f0316ac80d20cfb,True
D:\Research\vv_pose_project\outputs\phase9c_r1e_synergy_attribution\split_b\seed123\bounded_reliability_observed_modulation\train_yolo11l_pose\phase9c_r1e_run_report.json,D:\Research\vv_pose_project\outputs\phase9c_r1e_synergy_attribution\split_b\seed123\bounded_reliability_observed_modulation\train_yolo11l_pose\per_sample_rtmpose_performance_test.npz,655e1e8ecc1f1d8384fdef6a3d88af91c142dea96a63d18f0599e3dc354b72f7,True
D:\Research\vv_pose_project\outputs\phase9c_r1e_synergy_attribution\split_b\seed123\bounded_reliability_observed_modulation\train_yolo11l_pose\phase9c_r1e_run_report.json,D:\Research\vv_pose_project\outputs\phase9c_r1e_synergy_attribution\split_b\seed123\bounded_reliability_observed_modulation\train_yolo11l_pose\per_sample_yolo11l_pose_val.npz,1803102e9177d8ef03e2a493604349db320f0e6829d0e71447e5e8c9463798ef,True
D:\Research\vv_pose_project\outputs\phase9c_r1e_synergy_attribution\split_b\seed123\bounded_reliability_observed_modulation\train_yolo11l_pose\phase9c_r1e_run_report.json,D:\Research\vv_pose_project\outputs\phase9c_r1e_synergy_attribution\split_b\seed123\bounded_reliability_observed_modulation\train_yolo11l_pose\per_sample_yolo11l_pose_test.npz,5c34badb65521bedc573304a0660dc198e8d556e7aae3acdc4183d99f731132e,True
D:\Research\vv_pose_project\outputs\phase9c_r1e_synergy_attribution\split_b\seed123\bounded_reliability_observed_modulation\train_yolo11l_pose\phase9c_r1e_run_report.json,D:\Research\vv_pose_project\outputs\phase9c_r1e_synergy_attribution\split_b\seed123\bounded_reliability_observed_modulation\train_yolo11l_pose\best.pt,2da296e4228da4cb49ddf78cc4274c81516a080063f9a709e0fbde46c2babb5b,True
D:\Research\vv_pose_project\outputs\phase9c_r1e_synergy_attribution\split_b\seed123\bounded_reliability_observed_modulation\train_yolo11l_pose\phase9c_r1e_run_report.json,D:\Research\vv_pose_project\outputs\phase9c_r1e_synergy_attribution\split_b\seed123\bounded_reliability_observed_modulation\train_yolo11l_pose\last.pt,aaa631baee06ad3965b25f2d03c1e1fe8edaea17df4b654346a12e45189581e2,True
D:\Research\vv_pose_project\outputs\phase9c_r1e_synergy_attribution\split_b\seed123\bounded_reliability_observed_modulation\train_yolo11l_pose\phase9c_r1e_run_report.json,D:\Research\vv_pose_project\outputs\phase9c_r1e_synergy_attribution\split_b\seed123\bounded_reliability_observed_modulation\train_yolo11l_pose\training_history.csv,dfcfdecc617741546e1b0bbbfbc9ad9632ca6971a74e0c835061672acef5a0a4,True
D:\Research\vv_pose_project\outputs\phase9c_r1e_synergy_attribution\split_b\seed2026\bounded_reliability_observed_modulation\train_rtmpose_performance\phase9c_r1e_run_report.json,D:\Research\vv_pose_project\outputs\phase9c_r1e_synergy_attribution\split_b\seed2026\bounded_reliability_observed_modulation\train_rtmpose_performance\per_sample_rtmpose_performance_val.npz,a5334cada9de2fde05760fb8286d62bf7142f4fdecd6b21dca0c008e1472bc1c,True
D:\Research\vv_pose_project\outputs\phase9c_r1e_synergy_attribution\split_b\seed2026\bounded_reliability_observed_modulation\train_rtmpose_performance\phase9c_r1e_run_report.json,D:\Research\vv_pose_project\outputs\phase9c_r1e_synergy_attribution\split_b\seed2026\bounded_reliability_observed_modulation\train_rtmpose_performance\per_sample_rtmpose_performance_test.npz,05430653f67a2fec706d7d68ef65b4360a32473928caef802663650475ff9234,True
D:\Research\vv_pose_project\outputs\phase9c_r1e_synergy_attribution\split_b\seed2026\bounded_reliability_observed_modulation\train_rtmpose_performance\phase9c_r1e_run_report.json,D:\Research\vv_pose_project\outputs\phase9c_r1e_synergy_attribution\split_b\seed2026\bounded_reliability_observed_modulation\train_rtmpose_performance\per_sample_yolo11l_pose_val.npz,465925bafe0d56b308af7ee9039c4a81cfe0ee6f9a51bb925bb257ccf97d699a,True
D:\Research\vv_pose_project\outputs\phase9c_r1e_synergy_attribution\split_b\seed2026\bounded_reliability_observed_modulation\train_rtmpose_performance\phase9c_r1e_run_report.json,D:\Research\vv_pose_project\outputs\phase9c_r1e_synergy_attribution\split_b\seed2026\bounded_reliability_observed_modulation\train_rtmpose_performance\per_sample_yolo11l_pose_test.npz,c2faf2187a98df010a5d70612ac0f30360fc7f48e3f692b582d530c07b45d9ad,True
D:\Research\vv_pose_project\outputs\phase9c_r1e_synergy_attribution\split_b\seed2026\bounded_reliability_observed_modulation\train_rtmpose_performance\phase9c_r1e_run_report.json,D:\Research\vv_pose_project\outputs\phase9c_r1e_synergy_attribution\split_b\seed2026\bounded_reliability_observed_modulation\train_rtmpose_performance\best.pt,33f8ef3f624a34b92f4c0e52ea90b2bf68103e0735c2345212363189d0b9169d,True
D:\Research\vv_pose_project\outputs\phase9c_r1e_synergy_attribution\split_b\seed2026\bounded_reliability_observed_modulation\train_rtmpose_performance\phase9c_r1e_run_report.json,D:\Research\vv_pose_project\outputs\phase9c_r1e_synergy_attribution\split_b\seed2026\bounded_reliability_observed_modulation\train_rtmpose_performance\last.pt,d209626d022e7c8f61ba84330f611272ccc06d5797d1432707ebca4d4e3c37f2,True
D:\Research\vv_pose_project\outputs\phase9c_r1e_synergy_attribution\split_b\seed2026\bounded_reliability_observed_modulation\train_rtmpose_performance\phase9c_r1e_run_report.json,D:\Research\vv_pose_project\outputs\phase9c_r1e_synergy_attribution\split_b\seed2026\bounded_reliability_observed_modulation\train_rtmpose_performance\training_history.csv,5b7c294113ed576aa7cec39470b9637dfdd5431e1e7b9fc1d154cf6be3024893,True
D:\Research\vv_pose_project\outputs\phase9c_r1e_synergy_attribution\split_b\seed2026\bounded_reliability_observed_modulation\train_yolo11l_pose\phase9c_r1e_run_report.json,D:\Research\vv_pose_project\outputs\phase9c_r1e_synergy_attribution\split_b\seed2026\bounded_reliability_observed_modulation\train_yolo11l_pose\per_sample_rtmpose_performance_val.npz,34d0f1ed5b113645cb56ce4bd31807e5c9791343170d6bea6139311e5119066c,True
D:\Research\vv_pose_project\outputs\phase9c_r1e_synergy_attribution\split_b\seed2026\bounded_reliability_observed_modulation\train_yolo11l_pose\phase9c_r1e_run_report.json,D:\Research\vv_pose_project\outputs\phase9c_r1e_synergy_attribution\split_b\seed2026\bounded_reliability_observed_modulation\train_yolo11l_pose\per_sample_rtmpose_performance_test.npz,26b359aa8e681d7ee2424930ef885062e54f25b8f5a1dad974d5475a3f64b211,True
D:\Research\vv_pose_project\outputs\phase9c_r1e_synergy_attribution\split_b\seed2026\bounded_reliability_observed_modulation\train_yolo11l_pose\phase9c_r1e_run_report.json,D:\Research\vv_pose_project\outputs\phase9c_r1e_synergy_attribution\split_b\seed2026\bounded_reliability_observed_modulation\train_yolo11l_pose\per_sample_yolo11l_pose_val.npz,c6920698cf7e200857eee400d400e98136420f9eb90acfa782d041d14bedaae6,True
D:\Research\vv_pose_project\outputs\phase9c_r1e_synergy_attribution\split_b\seed2026\bounded_reliability_observed_modulation\train_yolo11l_pose\phase9c_r1e_run_report.json,D:\Research\vv_pose_project\outputs\phase9c_r1e_synergy_attribution\split_b\seed2026\bounded_reliability_observed_modulation\train_yolo11l_pose\per_sample_yolo11l_pose_test.npz,422a9b9c30b31c3848fff2477736d699416dc8b375489c94fc03484c74294280,True
D:\Research\vv_pose_project\outputs\phase9c_r1e_synergy_attribution\split_b\seed2026\bounded_reliability_observed_modulation\train_yolo11l_pose\phase9c_r1e_run_report.json,D:\Research\vv_pose_project\outputs\phase9c_r1e_synergy_attribution\split_b\seed2026\bounded_reliability_observed_modulation\train_yolo11l_pose\best.pt,9f4525b390845b804be542caf9a1d8942ea426b7e02807602861bb9ca8750572,True
D:\Research\vv_pose_project\outputs\phase9c_r1e_synergy_attribution\split_b\seed2026\bounded_reliability_observed_modulation\train_yolo11l_pose\phase9c_r1e_run_report.json,D:\Research\vv_pose_project\outputs\phase9c_r1e_synergy_attribution\split_b\seed2026\bounded_reliability_observed_modulation\train_yolo11l_pose\last.pt,87756efe965ea7a5140692cc2ffa6bcb3f0079c4eff133a27a5a8f14d2560d56,True
D:\Research\vv_pose_project\outputs\phase9c_r1e_synergy_attribution\split_b\seed2026\bounded_reliability_observed_modulation\train_yolo11l_pose\phase9c_r1e_run_report.json,D:\Research\vv_pose_project\outputs\phase9c_r1e_synergy_attribution\split_b\seed2026\bounded_reliability_observed_modulation\train_yolo11l_pose\training_history.csv,a8943d271cf16a8a2267b5b3fd378f9aae25514e19ef244c78ec6e6f9ababb71,True
D:\Research\vv_pose_project\outputs\phase9c_r1e_synergy_attribution\split_b\seed42\bounded_reliability_observed_modulation\train_rtmpose_performance\phase9c_r1e_run_report.json,D:\Research\vv_pose_project\outputs\phase9c_r1e_synergy_attribution\split_b\seed42\bounded_reliability_observed_modulation\train_rtmpose_performance\per_sample_rtmpose_performance_val.npz,77b6cab4aabe2200d03ee2da56b9e3619bf86fb55f4d59b726c3b39720389bc8,True
D:\Research\vv_pose_project\outputs\phase9c_r1e_synergy_attribution\split_b\seed42\bounded_reliability_observed_modulation\train_rtmpose_performance\phase9c_r1e_run_report.json,D:\Research\vv_pose_project\outputs\phase9c_r1e_synergy_attribution\split_b\seed42\bounded_reliability_observed_modulation\train_rtmpose_performance\per_sample_rtmpose_performance_test.npz,2140ad71544baaeb32350e2c2e6dd6a883ec64d5210673f60891a46d7b08f79e,True
D:\Research\vv_pose_project\outputs\phase9c_r1e_synergy_attribution\split_b\seed42\bounded_reliability_observed_modulation\train_rtmpose_performance\phase9c_r1e_run_report.json,D:\Research\vv_pose_project\outputs\phase9c_r1e_synergy_attribution\split_b\seed42\bounded_reliability_observed_modulation\train_rtmpose_performance\per_sample_yolo11l_pose_val.npz,b37d940a91c84d0d9f8562e7e4427dc591d84f463cb509ff94f3bcfe8dea859b,True
D:\Research\vv_pose_project\outputs\phase9c_r1e_synergy_attribution\split_b\seed42\bounded_reliability_observed_modulation\train_rtmpose_performance\phase9c_r1e_run_report.json,D:\Research\vv_pose_project\outputs\phase9c_r1e_synergy_attribution\split_b\seed42\bounded_reliability_observed_modulation\train_rtmpose_performance\per_sample_yolo11l_pose_test.npz,a18e9d6d70eb99600b83fc18b9ae0756b3c41cce45a0cbd07de6354917a06e8f,True
D:\Research\vv_pose_project\outputs\phase9c_r1e_synergy_attribution\split_b\seed42\bounded_reliability_observed_modulation\train_rtmpose_performance\phase9c_r1e_run_report.json,D:\Research\vv_pose_project\outputs\phase9c_r1e_synergy_attribution\split_b\seed42\bounded_reliability_observed_modulation\train_rtmpose_performance\best.pt,5c01673e506e02193acab40e588294a8f4563df394a2eebcc3177c1522099116,True
D:\Research\vv_pose_project\outputs\phase9c_r1e_synergy_attribution\split_b\seed42\bounded_reliability_observed_modulation\train_rtmpose_performance\phase9c_r1e_run_report.json,D:\Research\vv_pose_project\outputs\phase9c_r1e_synergy_attribution\split_b\seed42\bounded_reliability_observed_modulation\train_rtmpose_performance\last.pt,afab2b4ce736f59e011ac9cae338d4601d109c7681ac6079f5027b46ec17a762,True
D:\Research\vv_pose_project\outputs\phase9c_r1e_synergy_attribution\split_b\seed42\bounded_reliability_observed_modulation\train_rtmpose_performance\phase9c_r1e_run_report.json,D:\Research\vv_pose_project\outputs\phase9c_r1e_synergy_attribution\split_b\seed42\bounded_reliability_observed_modulation\train_rtmpose_performance\training_history.csv,c1f864197e9b13756aa4524f7ec9abc2e684e5b1317d4022e50cbb6ca6d73e78,True
D:\Research\vv_pose_project\outputs\phase9c_r1e_synergy_attribution\split_b\seed42\bounded_reliability_observed_modulation\train_yolo11l_pose\phase9c_r1e_run_report.json,D:\Research\vv_pose_project\outputs\phase9c_r1e_synergy_attribution\split_b\seed42\bounded_reliability_observed_modulation\train_yolo11l_pose\per_sample_rtmpose_performance_val.npz,3fcc4ffe1a1641a13281d4f959b1b2d97a66bf061ad0cc15f5ec43da23ac66a0,True
D:\Research\vv_pose_project\outputs\phase9c_r1e_synergy_attribution\split_b\seed42\bounded_reliability_observed_modulation\train_yolo11l_pose\phase9c_r1e_run_report.json,D:\Research\vv_pose_project\outputs\phase9c_r1e_synergy_attribution\split_b\seed42\bounded_reliability_observed_modulation\train_yolo11l_pose\per_sample_rtmpose_performance_test.npz,d2ebabfc29410907392e7ecb315f97e98b141c7202fe89166526c1b6e3b02de8,True
D:\Research\vv_pose_project\outputs\phase9c_r1e_synergy_attribution\split_b\seed42\bounded_reliability_observed_modulation\train_yolo11l_pose\phase9c_r1e_run_report.json,D:\Research\vv_pose_project\outputs\phase9c_r1e_synergy_attribution\split_b\seed42\bounded_reliability_observed_modulation\train_yolo11l_pose\per_sample_yolo11l_pose_val.npz,0b6230683e9f5ec95128e3bcab91f7fc16ce564ce2cfdea491b07eb3b217bb95,True
D:\Research\vv_pose_project\outputs\phase9c_r1e_synergy_attribution\split_b\seed42\bounded_reliability_observed_modulation\train_yolo11l_pose\phase9c_r1e_run_report.json,D:\Research\vv_pose_project\outputs\phase9c_r1e_synergy_attribution\split_b\seed42\bounded_reliability_observed_modulation\train_yolo11l_pose\per_sample_yolo11l_pose_test.npz,59cc4ffaaa890f63190cb11333ba7abcc765b8ea9371c2e32985cf2a8f732e6b,True
D:\Research\vv_pose_project\outputs\phase9c_r1e_synergy_attribution\split_b\seed42\bounded_reliability_observed_modulation\train_yolo11l_pose\phase9c_r1e_run_report.json,D:\Research\vv_pose_project\outputs\phase9c_r1e_synergy_attribution\split_b\seed42\bounded_reliability_observed_modulation\train_yolo11l_pose\best.pt,48583832925e7cf86895173e2083f4c103438f01a4f5efdcb8074c786d6b0bbc,True
D:\Research\vv_pose_project\outputs\phase9c_r1e_synergy_attribution\split_b\seed42\bounded_reliability_observed_modulation\train_yolo11l_pose\phase9c_r1e_run_report.json,D:\Research\vv_pose_project\outputs\phase9c_r1e_synergy_attribution\split_b\seed42\bounded_reliability_observed_modulation\train_yolo11l_pose\last.pt,d7b6d83988e80a7735fe07ae83b3226d291c31dfcabe64cc4335562461c6de45,True
D:\Research\vv_pose_project\outputs\phase9c_r1e_synergy_attribution\split_b\seed42\bounded_reliability_observed_modulation\train_yolo11l_pose\phase9c_r1e_run_report.json,D:\Research\vv_pose_project\outputs\phase9c_r1e_synergy_attribution\split_b\seed42\bounded_reliability_observed_modulation\train_yolo11l_pose\training_history.csv,6d766d1a88ad77f15effb058db0c73ead164200d48eb2b4ef64d75b9e6dc9ec2,True
D:\Research\vv_pose_project\outputs\phase9c_r1e_synergy_attribution\split_c\seed123\bounded_reliability_observed_modulation\train_rtmpose_performance\phase9c_r1e_run_report.json,D:\Research\vv_pose_project\outputs\phase9c_r1e_synergy_attribution\split_c\seed123\bounded_reliability_observed_modulation\train_rtmpose_performance\per_sample_rtmpose_performance_val.npz,ee11c3e18a1669bbe1cb99c90debbc629ec4ae0bcbcfd6056dd1fd6630cbaaa2,True
D:\Research\vv_pose_project\outputs\phase9c_r1e_synergy_attribution\split_c\seed123\bounded_reliability_observed_modulation\train_rtmpose_performance\phase9c_r1e_run_report.json,D:\Research\vv_pose_project\outputs\phase9c_r1e_synergy_attribution\split_c\seed123\bounded_reliability_observed_modulation\train_rtmpose_performance\per_sample_rtmpose_performance_test.npz,78a8f8e06f3ffb6c1a152ef1ac5b9798393c003b5b74759791e40d06d17e8ac9,True
D:\Research\vv_pose_project\outputs\phase9c_r1e_synergy_attribution\split_c\seed123\bounded_reliability_observed_modulation\train_rtmpose_performance\phase9c_r1e_run_report.json,D:\Research\vv_pose_project\outputs\phase9c_r1e_synergy_attribution\split_c\seed123\bounded_reliability_observed_modulation\train_rtmpose_performance\per_sample_yolo11l_pose_val.npz,04dfb0341894c35ef31cd40cab9fed863c59d9edcf750e3b1c16e255236d47f4,True
D:\Research\vv_pose_project\outputs\phase9c_r1e_synergy_attribution\split_c\seed123\bounded_reliability_observed_modulation\train_rtmpose_performance\phase9c_r1e_run_report.json,D:\Research\vv_pose_project\outputs\phase9c_r1e_synergy_attribution\split_c\seed123\bounded_reliability_observed_modulation\train_rtmpose_performance\per_sample_yolo11l_pose_test.npz,f1c3b2d2e1811ebc2816297a53552bef02a7384d5f90a0e3a6f8c408831da72d,True
D:\Research\vv_pose_project\outputs\phase9c_r1e_synergy_attribution\split_c\seed123\bounded_reliability_observed_modulation\train_rtmpose_performance\phase9c_r1e_run_report.json,D:\Research\vv_pose_project\outputs\phase9c_r1e_synergy_attribution\split_c\seed123\bounded_reliability_observed_modulation\train_rtmpose_performance\best.pt,ff267068bafc8096e8686bed71072341535b4309a7d8df49a82acb5ae4f1d5e8,True
D:\Research\vv_pose_project\outputs\phase9c_r1e_synergy_attribution\split_c\seed123\bounded_reliability_observed_modulation\train_rtmpose_performance\phase9c_r1e_run_report.json,D:\Research\vv_pose_project\outputs\phase9c_r1e_synergy_attribution\split_c\seed123\bounded_reliability_observed_modulation\train_rtmpose_performance\last.pt,6b73f58affa8f9922615ea67b01cd78f01045bf22fa8e82a6c3ccffade54bbef,True
D:\Research\vv_pose_project\outputs\phase9c_r1e_synergy_attribution\split_c\seed123\bounded_reliability_observed_modulation\train_rtmpose_performance\phase9c_r1e_run_report.json,D:\Research\vv_pose_project\outputs\phase9c_r1e_synergy_attribution\split_c\seed123\bounded_reliability_observed_modulation\train_rtmpose_performance\training_history.csv,8a6fb7d3511774cbf16b3b488478524c39a642b93316a6427f0250e5fa1fd902,True
D:\Research\vv_pose_project\outputs\phase9c_r1e_synergy_attribution\split_c\seed123\bounded_reliability_observed_modulation\train_yolo11l_pose\phase9c_r1e_run_report.json,D:\Research\vv_pose_project\outputs\phase9c_r1e_synergy_attribution\split_c\seed123\bounded_reliability_observed_modulation\train_yolo11l_pose\per_sample_rtmpose_performance_val.npz,e120dbe4bc6f03b74942491bcff27c57fb61208a154b2ac30245bb447470e6f7,True
D:\Research\vv_pose_project\outputs\phase9c_r1e_synergy_attribution\split_c\seed123\bounded_reliability_observed_modulation\train_yolo11l_pose\phase9c_r1e_run_report.json,D:\Research\vv_pose_project\outputs\phase9c_r1e_synergy_attribution\split_c\seed123\bounded_reliability_observed_modulation\train_yolo11l_pose\per_sample_rtmpose_performance_test.npz,2a06b9307feb16d1a81828b4ca8194c740b3a6349145313af666c583c44a70d6,True
D:\Research\vv_pose_project\outputs\phase9c_r1e_synergy_attribution\split_c\seed123\bounded_reliability_observed_modulation\train_yolo11l_pose\phase9c_r1e_run_report.json,D:\Research\vv_pose_project\outputs\phase9c_r1e_synergy_attribution\split_c\seed123\bounded_reliability_observed_modulation\train_yolo11l_pose\per_sample_yolo11l_pose_val.npz,af9e4c2e838c383c6045564c7734c443929b65a2bb0caa8bbf064e7b52f5ba45,True
D:\Research\vv_pose_project\outputs\phase9c_r1e_synergy_attribution\split_c\seed123\bounded_reliability_observed_modulation\train_yolo11l_pose\phase9c_r1e_run_report.json,D:\Research\vv_pose_project\outputs\phase9c_r1e_synergy_attribution\split_c\seed123\bounded_reliability_observed_modulation\train_yolo11l_pose\per_sample_yolo11l_pose_test.npz,eb2db722628a6b0d1341702867d8b6c17a30bda71ae7270de6daf812a99e6be9,True
D:\Research\vv_pose_project\outputs\phase9c_r1e_synergy_attribution\split_c\seed123\bounded_reliability_observed_modulation\train_yolo11l_pose\phase9c_r1e_run_report.json,D:\Research\vv_pose_project\outputs\phase9c_r1e_synergy_attribution\split_c\seed123\bounded_reliability_observed_modulation\train_yolo11l_pose\best.pt,967bfab07cb409bfdd87678b52ef2892483d16969621c737cdf65a48555142ef,True
D:\Research\vv_pose_project\outputs\phase9c_r1e_synergy_attribution\split_c\seed123\bounded_reliability_observed_modulation\train_yolo11l_pose\phase9c_r1e_run_report.json,D:\Research\vv_pose_project\outputs\phase9c_r1e_synergy_attribution\split_c\seed123\bounded_reliability_observed_modulation\train_yolo11l_pose\last.pt,430ecdaa59be5a6c08a895fc6d87f30394b3f5b9675d0c0f924b72b5da4fddb7,True
D:\Research\vv_pose_project\outputs\phase9c_r1e_synergy_attribution\split_c\seed123\bounded_reliability_observed_modulation\train_yolo11l_pose\phase9c_r1e_run_report.json,D:\Research\vv_pose_project\outputs\phase9c_r1e_synergy_attribution\split_c\seed123\bounded_reliability_observed_modulation\train_yolo11l_pose\training_history.csv,65d8eac848a35611dd3bec1943655eb09cb0e7631b76010dc587f529411412b4,True
D:\Research\vv_pose_project\outputs\phase9c_r1e_synergy_attribution\split_c\seed2026\bounded_reliability_observed_modulation\train_rtmpose_performance\phase9c_r1e_run_report.json,D:\Research\vv_pose_project\outputs\phase9c_r1e_synergy_attribution\split_c\seed2026\bounded_reliability_observed_modulation\train_rtmpose_performance\per_sample_rtmpose_performance_val.npz,d0daac3bf8a8ef2452dccb8caf57705437893f998294fc0a73e5e8617de9ddb8,True
D:\Research\vv_pose_project\outputs\phase9c_r1e_synergy_attribution\split_c\seed2026\bounded_reliability_observed_modulation\train_rtmpose_performance\phase9c_r1e_run_report.json,D:\Research\vv_pose_project\outputs\phase9c_r1e_synergy_attribution\split_c\seed2026\bounded_reliability_observed_modulation\train_rtmpose_performance\per_sample_rtmpose_performance_test.npz,7f96ec8dd818beb6675584c1c7600d028928f8f23d04de20b5a753824490dc86,True
D:\Research\vv_pose_project\outputs\phase9c_r1e_synergy_attribution\split_c\seed2026\bounded_reliability_observed_modulation\train_rtmpose_performance\phase9c_r1e_run_report.json,D:\Research\vv_pose_project\outputs\phase9c_r1e_synergy_attribution\split_c\seed2026\bounded_reliability_observed_modulation\train_rtmpose_performance\per_sample_yolo11l_pose_val.npz,03d2cd2a759abccd75508fbb5af0ada6aef9995a3c12978292a35c11bc49294e,True
D:\Research\vv_pose_project\outputs\phase9c_r1e_synergy_attribution\split_c\seed2026\bounded_reliability_observed_modulation\train_rtmpose_performance\phase9c_r1e_run_report.json,D:\Research\vv_pose_project\outputs\phase9c_r1e_synergy_attribution\split_c\seed2026\bounded_reliability_observed_modulation\train_rtmpose_performance\per_sample_yolo11l_pose_test.npz,3390483ab6cfbbed000585e5443c017a644f68dccf3330c3008e1b5145ae76be,True
D:\Research\vv_pose_project\outputs\phase9c_r1e_synergy_attribution\split_c\seed2026\bounded_reliability_observed_modulation\train_rtmpose_performance\phase9c_r1e_run_report.json,D:\Research\vv_pose_project\outputs\phase9c_r1e_synergy_attribution\split_c\seed2026\bounded_reliability_observed_modulation\train_rtmpose_performance\best.pt,3bc00665bf61b5a15a432b0f7ec0a4dd6a13e484cfdb9959500305cbe0974f95,True
D:\Research\vv_pose_project\outputs\phase9c_r1e_synergy_attribution\split_c\seed2026\bounded_reliability_observed_modulation\train_rtmpose_performance\phase9c_r1e_run_report.json,D:\Research\vv_pose_project\outputs\phase9c_r1e_synergy_attribution\split_c\seed2026\bounded_reliability_observed_modulation\train_rtmpose_performance\last.pt,dff481d13abba705f003e0b980df91b2fd3e00361ef0e028ea84b28cd4cb7765,True
D:\Research\vv_pose_project\outputs\phase9c_r1e_synergy_attribution\split_c\seed2026\bounded_reliability_observed_modulation\train_rtmpose_performance\phase9c_r1e_run_report.json,D:\Research\vv_pose_project\outputs\phase9c_r1e_synergy_attribution\split_c\seed2026\bounded_reliability_observed_modulation\train_rtmpose_performance\training_history.csv,fc3570c0e09b0fbd85d5caa8ceb37dd1c49886034551fcfba5f4644fa9309455,True
D:\Research\vv_pose_project\outputs\phase9c_r1e_synergy_attribution\split_c\seed2026\bounded_reliability_observed_modulation\train_yolo11l_pose\phase9c_r1e_run_report.json,D:\Research\vv_pose_project\outputs\phase9c_r1e_synergy_attribution\split_c\seed2026\bounded_reliability_observed_modulation\train_yolo11l_pose\per_sample_rtmpose_performance_val.npz,da12ce92203fd9bd15e66de296c0589af3785c3df746f255ce2ae4c25b58cdf3,True
D:\Research\vv_pose_project\outputs\phase9c_r1e_synergy_attribution\split_c\seed2026\bounded_reliability_observed_modulation\train_yolo11l_pose\phase9c_r1e_run_report.json,D:\Research\vv_pose_project\outputs\phase9c_r1e_synergy_attribution\split_c\seed2026\bounded_reliability_observed_modulation\train_yolo11l_pose\per_sample_rtmpose_performance_test.npz,070a091ef66e51dc9cecb122e1d2f493a05f8ba5da822575e557568cdc78177a,True
D:\Research\vv_pose_project\outputs\phase9c_r1e_synergy_attribution\split_c\seed2026\bounded_reliability_observed_modulation\train_yolo11l_pose\phase9c_r1e_run_report.json,D:\Research\vv_pose_project\outputs\phase9c_r1e_synergy_attribution\split_c\seed2026\bounded_reliability_observed_modulation\train_yolo11l_pose\per_sample_yolo11l_pose_val.npz,5eb620fde87ec64b5538418baadcc45e02ca46ac1ac2d810369dc6b525af4506,True
D:\Research\vv_pose_project\outputs\phase9c_r1e_synergy_attribution\split_c\seed2026\bounded_reliability_observed_modulation\train_yolo11l_pose\phase9c_r1e_run_report.json,D:\Research\vv_pose_project\outputs\phase9c_r1e_synergy_attribution\split_c\seed2026\bounded_reliability_observed_modulation\train_yolo11l_pose\per_sample_yolo11l_pose_test.npz,54e6fd286c214c13a3e196aead800e84e904f4b1cd4b2e05947b6b7db23c7be7,True
D:\Research\vv_pose_project\outputs\phase9c_r1e_synergy_attribution\split_c\seed2026\bounded_reliability_observed_modulation\train_yolo11l_pose\phase9c_r1e_run_report.json,D:\Research\vv_pose_project\outputs\phase9c_r1e_synergy_attribution\split_c\seed2026\bounded_reliability_observed_modulation\train_yolo11l_pose\best.pt,834a71517bdb058b66056e53cd960f86f30e4b8c77f5920aedd66719d4d68073,True
D:\Research\vv_pose_project\outputs\phase9c_r1e_synergy_attribution\split_c\seed2026\bounded_reliability_observed_modulation\train_yolo11l_pose\phase9c_r1e_run_report.json,D:\Research\vv_pose_project\outputs\phase9c_r1e_synergy_attribution\split_c\seed2026\bounded_reliability_observed_modulation\train_yolo11l_pose\last.pt,96e2705791bc64b77e83878e6248f0c812a843103e33d266422bce3d32ae7ebd,True
D:\Research\vv_pose_project\outputs\phase9c_r1e_synergy_attribution\split_c\seed2026\bounded_reliability_observed_modulation\train_yolo11l_pose\phase9c_r1e_run_report.json,D:\Research\vv_pose_project\outputs\phase9c_r1e_synergy_attribution\split_c\seed2026\bounded_reliability_observed_modulation\train_yolo11l_pose\training_history.csv,1a8ea7cb37c1c7346304bdff87c08457bb58e1a08971ab49f3da3cad8958155c,True
D:\Research\vv_pose_project\outputs\phase9c_r1e_synergy_attribution\split_c\seed42\bounded_reliability_observed_modulation\train_rtmpose_performance\phase9c_r1e_run_report.json,D:\Research\vv_pose_project\outputs\phase9c_r1e_synergy_attribution\split_c\seed42\bounded_reliability_observed_modulation\train_rtmpose_performance\per_sample_rtmpose_performance_val.npz,8e6404a171ce969accfaec61dd2f863b8542bb7701d0c9d518694183640e8c1e,True
D:\Research\vv_pose_project\outputs\phase9c_r1e_synergy_attribution\split_c\seed42\bounded_reliability_observed_modulation\train_rtmpose_performance\phase9c_r1e_run_report.json,D:\Research\vv_pose_project\outputs\phase9c_r1e_synergy_attribution\split_c\seed42\bounded_reliability_observed_modulation\train_rtmpose_performance\per_sample_rtmpose_performance_test.npz,9fb92a352f22d78143353e03a855261df2260de4d4f28ab736440bde9a1018bd,True
D:\Research\vv_pose_project\outputs\phase9c_r1e_synergy_attribution\split_c\seed42\bounded_reliability_observed_modulation\train_rtmpose_performance\phase9c_r1e_run_report.json,D:\Research\vv_pose_project\outputs\phase9c_r1e_synergy_attribution\split_c\seed42\bounded_reliability_observed_modulation\train_rtmpose_performance\per_sample_yolo11l_pose_val.npz,fa482d0a91768c41e7dd0912812a68d1cb04a3c22b83214fdd3b800345cad8a9,True
D:\Research\vv_pose_project\outputs\phase9c_r1e_synergy_attribution\split_c\seed42\bounded_reliability_observed_modulation\train_rtmpose_performance\phase9c_r1e_run_report.json,D:\Research\vv_pose_project\outputs\phase9c_r1e_synergy_attribution\split_c\seed42\bounded_reliability_observed_modulation\train_rtmpose_performance\per_sample_yolo11l_pose_test.npz,b9f1f77c9eb70633713f19ec2bccd34660c9ecaf8a0962f2872ce08938143d97,True
D:\Research\vv_pose_project\outputs\phase9c_r1e_synergy_attribution\split_c\seed42\bounded_reliability_observed_modulation\train_rtmpose_performance\phase9c_r1e_run_report.json,D:\Research\vv_pose_project\outputs\phase9c_r1e_synergy_attribution\split_c\seed42\bounded_reliability_observed_modulation\train_rtmpose_performance\best.pt,82c94bda278391d330b2d3a28c6ad46a9b7b9f9c14bfef5a134020e6dd26fd31,True
D:\Research\vv_pose_project\outputs\phase9c_r1e_synergy_attribution\split_c\seed42\bounded_reliability_observed_modulation\train_rtmpose_performance\phase9c_r1e_run_report.json,D:\Research\vv_pose_project\outputs\phase9c_r1e_synergy_attribution\split_c\seed42\bounded_reliability_observed_modulation\train_rtmpose_performance\last.pt,ff4fadb7c2a6846fd9a78bd08bebfaf7b39957fa8c40233b6fffb439280d7d9e,True
D:\Research\vv_pose_project\outputs\phase9c_r1e_synergy_attribution\split_c\seed42\bounded_reliability_observed_modulation\train_rtmpose_performance\phase9c_r1e_run_report.json,D:\Research\vv_pose_project\outputs\phase9c_r1e_synergy_attribution\split_c\seed42\bounded_reliability_observed_modulation\train_rtmpose_performance\training_history.csv,dabd370fb2ee20668cc28bbe1f2795f6bf1ece8d39c76d88999450a8efec4992,True
D:\Research\vv_pose_project\outputs\phase9c_r1e_synergy_attribution\split_c\seed42\bounded_reliability_observed_modulation\train_yolo11l_pose\phase9c_r1e_run_report.json,D:\Research\vv_pose_project\outputs\phase9c_r1e_synergy_attribution\split_c\seed42\bounded_reliability_observed_modulation\train_yolo11l_pose\per_sample_rtmpose_performance_val.npz,88cc23638cbcc5577139e37ae93d56b8578c5064727aa4c165d1ed97a97fb30c,True
D:\Research\vv_pose_project\outputs\phase9c_r1e_synergy_attribution\split_c\seed42\bounded_reliability_observed_modulation\train_yolo11l_pose\phase9c_r1e_run_report.json,D:\Research\vv_pose_project\outputs\phase9c_r1e_synergy_attribution\split_c\seed42\bounded_reliability_observed_modulation\train_yolo11l_pose\per_sample_rtmpose_performance_test.npz,8e2bff4530261a83898468a885fdc6e485676fbcc267bef501da069170441103,True
D:\Research\vv_pose_project\outputs\phase9c_r1e_synergy_attribution\split_c\seed42\bounded_reliability_observed_modulation\train_yolo11l_pose\phase9c_r1e_run_report.json,D:\Research\vv_pose_project\outputs\phase9c_r1e_synergy_attribution\split_c\seed42\bounded_reliability_observed_modulation\train_yolo11l_pose\per_sample_yolo11l_pose_val.npz,96aa64a117fd7500f9f51d608e7eeb3e93bb4ee23d97a011f69c59c84fe93202,True
D:\Research\vv_pose_project\outputs\phase9c_r1e_synergy_attribution\split_c\seed42\bounded_reliability_observed_modulation\train_yolo11l_pose\phase9c_r1e_run_report.json,D:\Research\vv_pose_project\outputs\phase9c_r1e_synergy_attribution\split_c\seed42\bounded_reliability_observed_modulation\train_yolo11l_pose\per_sample_yolo11l_pose_test.npz,894abfbf21d3032777b8d9d0da0cf5ed459fb1de5ea09440813014e2665b56c6,True
D:\Research\vv_pose_project\outputs\phase9c_r1e_synergy_attribution\split_c\seed42\bounded_reliability_observed_modulation\train_yolo11l_pose\phase9c_r1e_run_report.json,D:\Research\vv_pose_project\outputs\phase9c_r1e_synergy_attribution\split_c\seed42\bounded_reliability_observed_modulation\train_yolo11l_pose\best.pt,3be5b45b7fbc41d06097a281fe0fcd08d45cb5d56b8e455aef797a45688a9314,True
D:\Research\vv_pose_project\outputs\phase9c_r1e_synergy_attribution\split_c\seed42\bounded_reliability_observed_modulation\train_yolo11l_pose\phase9c_r1e_run_report.json,D:\Research\vv_pose_project\outputs\phase9c_r1e_synergy_attribution\split_c\seed42\bounded_reliability_observed_modulation\train_yolo11l_pose\last.pt,c23d3fc5ab54926f452d3323ba71c45e7271af3f2f059fba96a3ea6862ff3c2e,True
D:\Research\vv_pose_project\outputs\phase9c_r1e_synergy_attribution\split_c\seed42\bounded_reliability_observed_modulation\train_yolo11l_pose\phase9c_r1e_run_report.json,D:\Research\vv_pose_project\outputs\phase9c_r1e_synergy_attribution\split_c\seed42\bounded_reliability_observed_modulation\train_yolo11l_pose\training_history.csv,c81117f8374c77304fa0261330249f590f7356931835c60ca5bc9e3e9d2cf8ca,True
